CPC7301:  File QSQLPRE created in library QTEMP.
CPC7305:  Member WRKLOTR added to file QSQLPRE in QTEMP.
CPC3201:  Member WRKLOTR file QSQLPRE in QTEMP changed.
RNS9307:  Diagnostic check of source is complete. Highest severity is 00.
CPC0904:  Data area RETURNCODE created in library QTEMP.
CPC7301:  File QSQLTEMP1 created in library QTEMP.
CPC7305:  Member WRKLOTR added to file QSQLTEMP1 in QTEMP.
CPI2119:  AUT and USRPRF parameter values were ignored.
CPI2121:  Replaced object WRKLOTR type *PGM was moved to QRPLOBJ.
RNS9304:  Program WRKLOTR placed in library PERPDEMO. 00 highest severity. Created on 08/26/26 at 16:51:51.
  5770WDS V7R5M0  220415 RN        IBM ILE RPG             PERPDEMO/WRKLOTR         IDEV       08/26/26 16:51:50        Page      1
   Command  . . . . . . . . . . . . :   CRTBNDRPG
     Issued by  . . . . . . . . . . :     AIDEMO
   Program  . . . . . . . . . . . . :   WRKLOTR
     Library  . . . . . . . . . . . :     PERPDEMO
   Text 'description' . . . . . . . :   *SRCMBRTXT
   Source stream file   . . . . . . :   qrpglesrc/wrklotr.sqlrpgle
     CCSID  . . . . . . . . . . . . :     1208
   Target CCSID . . . . . . . . . . :   *JOB (37)
   Text 'description' . . . . . . . :
   Last Change  . . . . . . . . . . :   08/26/26  16:51:48
   Generation severity level  . . . :   10
   Default activation group . . . . :   *YES
   Compiler options . . . . . . . . :   *XREF      *GEN       *NOSECLVL  *SHOWCPY
                                        *EXPDDS    *EXT       *NOSHOWSKP *NOSRCSTMT
                                        *DEBUGIO   *UNREF     *NOEVENTF
   Debugging views  . . . . . . . . :   *ALL
   Debug encryption key . . . . . . :   *NONE
   Output . . . . . . . . . . . . . :   *PRINT
   Optimization level . . . . . . . :   *NONE
   Source listing indentation . . . :   *NONE
   Type conversion options  . . . . :   *NONE
   Sort sequence  . . . . . . . . . :   *JOB
   Language identifier  . . . . . . :   *JOB
   Replace program  . . . . . . . . :   *YES
   User profile . . . . . . . . . . :   *USER
   Authority  . . . . . . . . . . . :   *LIBCRTAUT
   Truncate numeric . . . . . . . . :   *YES
   Fix numeric  . . . . . . . . . . :   *NONE
   Target release . . . . . . . . . :   V7R4M0
   Allow null values  . . . . . . . :   *NO
   Define condition names . . . . . :   *NONE
   Enable performance collection  . :   *PEP
   Profiling data . . . . . . . . . :   *NOCOL
   Licensed Internal Code options . :
   Generate program interface . . . :   *NO
   Include directory  . . . . . . . :   .
   Preprocessor options . . . . . . :   *NORMVCOMMENT *EXPINCLUDE   *NOSEQSRC
   Output source file . . . . . . . :   QSQLPRE
     Library  . . . . . . . . . . . :     QTEMP
   Output source member . . . . . . :   WRKLOTR
   MINIMUM OUTPUT LINE LENGTH . . . :   100
   Require prototype for export . . :   *NO
  5770WDS V7R5M0  220415 RN        IBM ILE RPG             PERPDEMO/WRKLOTR         IDEV       08/26/26 16:51:50        Page      2
 Line   <---------------------- Source Specifications ----------------------------------------------------->  Do  Change Src Seq
 Number ....+....1....+....2....+....3....+....4....+....5....+....6....+....7....+....8....+....9....+...10  Num Date   Id  Number
                           S o u r c e   L i s t i n g
      1 **free                                                                                                               000001
      2                                                                                                                      000002
      3 // ---------------------------------------------------------------------                                             000003
      4 // Program: wrklotr  (Work with Item Lots)                                                                           000004
      5 // Purpose: DSPF-based CRUD for item_lot, scoped by the company selected                                             000005
      6 //          via perpselr (*LDA positions 1-3) and an item number entered                                             000006
      7 //          on screen (same scoping idiom as wrkcnvr). Shows item.on_hand                                            000007
      8 //          alongside SUM(item_lot.qty_on_hand) and flags a discrepancy                                              000008
      9 //          -- the entry point for the reconciliation demo (Option C:                                                000009
     10 //          balances denormalized on both item and item_lot by design).                                              000010
     11 //          Callable standalone or pre-scoped by passing company/item                                                000011
     12 //          (mirrors wrkcnvr's PERP-23 integration).                                                                 000012
     13 // Epic:    PERP-3 (PERP-24)                                                                                         000013
     14 // ---------------------------------------------------------------------                                             000014
     15                                                                                                                      000015
     16 // PERP-84: datfmt(*iso) is required now that this program declares                                                  000016
     17 // Date-typed variables (parsedRecv/parsedExpd below) to validate the                                                000017
     18 // MM/DD/YY Received/Expiry Date entry fields. Without this override the                                             000018
     19 // job's *MDY (1940-2039) DATFMT becomes the Date variables' storage                                                 000019
     20 // format, per perp/AGENTS.md's RNQ0114 gotcha.                                                                      000020
     21 ctl-opt dftactgrp(*no) actgrp(*new) datfmt(*iso);                                                                    000021
     22                                                                                                                      000022
     23 dcl-pi *n;                                                                                                           000023
     24   pCompcd char(3)      const options(*nopass);                                                                       000024
     25   pItem   varchar(25)  const options(*nopass);                                                                       000025
     26 end-pi;                                                                                                              000026
     27                                                                                                                      000027
     28 dcl-f wrklotd workstn sfile(ltsfl:rrn) sfile(ltmsgsfl:msgrrn);                                                       000028
     29                                                                                                                      000029
     30 dcl-ds ldaDS dtaara(*lda) len(1024) qualified;                                                                       000030
     31   compcd char(3) pos(1);                                                                                             000031
     32 end-ds;                                                                                                              000032
     33                                                                                                                      000033
     34 dcl-pr QMHSNDPM extpgm;                                                                                              000034
     35   msgId       char(7)   const;                                                                                       000035
     36   msgF        char(20)  const;                                                                                       000036
     37   msgData     char(256) const;                                                                                       000037
     38   msgDataLen  int(10)   const;                                                                                       000038
     39   msgType     char(10)  const;                                                                                       000039
     40   stackEntry  char(10)  const;                                                                                       000040
     41   stackCntr   int(10)   const;                                                                                       000041
     42   msgKey      char(4);                                                                                               000042
     43   errorCode   char(8)   const;                                                                                       000043
     44 end-pr;                                                                                                              000044
     45                                                                                                                      000045
     46 // Standard, reusable Item Number prompt (PERP-51/PERP-56). Same dynamic                                             000046
     47 // CALL idiom as wrkitmr's callWrkcnvr/callWrklotr.                                                                  000047
     48 dcl-pr callItmprmt extpgm('ITMPRMT');                                                                                000048
     49   pCompcd char(3)     const;                                                                                         000049
     50   pItem   varchar(25);                                                                                               000050
     51 end-pr;                                                                                                              000051
     52                                                                                                                      000052
     53 dcl-ds statusDS psds qualified;                                                                                      000053
  5770WDS V7R5M0  220415 RN        IBM ILE RPG             PERPDEMO/WRKLOTR         IDEV       08/26/26 16:51:50        Page      3
 Line   <---------------------- Source Specifications ----------------------------------------------------->  Do  Change Src Seq
 Number ....+....1....+....2....+....3....+....4....+....5....+....6....+....7....+....8....+....9....+...10  Num Date   Id  Number
     54   programName char(10) pos(334);                                                                                     000054
     55 end-ds;                                                                                                              000055
     56                                                                                                                      000056
     57 dcl-ds ltRow qualified;                                                                                              000057
     58   lot     varchar(20);                                                                                               000058
     59   qty     packed(15:4);                                                                                              000059
     60   recv    varchar(10);                                                                                               000060
     61   expd    varchar(10);                                                                                               000061
     62 end-ds;                                                                                                              000062
     63                                                                                                                      000063
     64 dcl-ds rows likeds(ltRow) dim(500);                                                                                  000064
     65 dcl-s numRows  int(10);                                                                                              000065
     66 dcl-s i        int(10);                                                                                              000066
     67 dcl-s rrn      int(10);                                                                                              000067
     68 dcl-s msgrrn   int(10);                                                                                              000068
     69 dcl-s msgkey   char(4);                                                                                              000069
     70 dcl-s selRrn   int(10);                                                                                              000070
     71 dcl-s selOpt   char(1);                                                                                              000071
     72 dcl-s filter   varchar(25);                                                                                          000072
     73 dcl-s compcd   char(3);                                                                                              000073
     74 dcl-s itemOh   packed(15:4);                                                                                         000074
     75 dcl-s lotTotal packed(15:4);                                                                                         000075
     76 dcl-s promptItem varchar(25);                                                                                        000076
     77 dcl-s holdMsg    ind;                                                                                                000077
     78                                                                                                                      000078
     79 // PERP-84: MM/DD/YY entry validation for ERECV/EEXPD (see editLoop).                                                000079
     80 // parsedRecv/parsedExpd are Date-typed working vars used only to                                                    000080
     81 // validate/reformat the typed text -- they are never bound directly to                                              000081
     82 // an SQL host variable (erecv/eexpd stay char(10) for that), so the                                                 000082
     83 // SQL-precompiler-intermediate-host-variable *MDY cap documented in                                                 000083
     84 // perp/AGENTS.md #13 does not come into play here.                                                                  000084
     85 dcl-s parsedRecv date;                                                                                               000085
     86 dcl-s parsedExpd date;                                                                                               000086
     87 dcl-s validRecv  ind;                                                                                                000087
     88 dcl-s validExpd  ind;                                                                                                000088
     89                                                                                                                      000089
     90 in ldaDS;                                                                                                            000090
     91 compcd = ldaDS.compcd;                                                                                               000091
     92                                                                                                                      000092
     93 if %parms >= 1 and pCompcd <> '';                                                                                    000093
     94   compcd = pCompcd;                                                                                                  000094
     95 endif;                                                                                                               000095
     96 scompdsp = compcd;                                                                                                   000096
     97 filter = '';                                                                                                         000097
     98 if %parms >= 2 and pItem <> '';                                                                                      000098
     99   filter = pItem;                                                                                                    000099
    100   sfitem = pItem;                                                                                                    000100
    101 else;                                                                                                                000101
    102   sfitem = '';                                                                                                       000102
    103 endif;                                                                                                               000103
    104                                                                                                                      000104
    105 if compcd = '';                                                                                                      000105
    106   exsr clearMsgs;                                                                                                    000106
    107   writeMsg('No company selected - run Select Company (PERPSELR) first.');                                            000107
    108 endif;                                                                                                               000108
    109                                                                                                                      000109
  5770WDS V7R5M0  220415 RN        IBM ILE RPG             PERPDEMO/WRKLOTR         IDEV       08/26/26 16:51:50        Page      4
 Line   <---------------------- Source Specifications ----------------------------------------------------->  Do  Change Src Seq
 Number ....+....1....+....2....+....3....+....4....+....5....+....6....+....7....+....8....+....9....+...10  Num Date   Id  Number
    110 dow not *in03 and not *in12;                                                                                         000110
    111   if compcd = '';                                                                                                    000111
    112     *in30 = *off;                                                                                                    000112
    113     write ltnoitem;                                                                                                  000113
    114     write ltfoot;                                                                                                    000114
    115     if msgrrn > 0;                                                                                                   000115
    116       *in40 = *on;                                                                                                   000116
    117       write ltmsgctl;                                                                                                000117
    118     else;                                                                                                            000118
    119       *in40 = *off;                                                                                                  000119
    120     endif;                                                                                                           000120
    121     exfmt ltctl;                                                                                                     000121
    122     leave;                                                                                                           000122
    123   endif;                                                                                                             000123
    124                                                                                                                      000124
    125   // A message queued by an action handler below (addRow, etc.) must                                                 000125
    126   // survive one full loop pass before being cleared, or it never                                                    000126
    127   // reaches the screen -- clearMsgs wipes msgrrn back to 0 on the very                                              000127
    128   // next pass, before this pass's own exfmt ever shows it. holdMsg                                                  000128
    129   // skips exactly one clearMsgs call right after such a message was                                                 000129
    130   // queued. Same pattern as wrkitmr.                                                                                000130
    131   if holdMsg;                                                                                                        000131
    132     holdMsg = *off;                                                                                                  000132
    133   else;                                                                                                              000133
    134     exsr clearMsgs;                                                                                                  000134
    135   endif;                                                                                                             000135
    136                                                                                                                      000136
    137   if filter = '';                                                                                                    000137
    138     *in30 = *off;                                                                                                    000138
    139     *in60 = *off;                                                                                                    000139
    140     numRows = 0;                                                                                                     000140
    141     sioh = 0;                                                                                                        000141
    142     slottot = 0;                                                                                                     000142
    143     write ltnoitem;                                                                                                  000143
    144   else;                                                                                                              000144
    145     exsr loadBalances;                                                                                               000145
    146     exsr loadRows;                                                                                                   000146
    147     if numRows = 0;                                                                                                  000147
    148       *in30 = *off;                                                                                                  000148
    149       write ltnone;                                                                                                  000149
    150     else;                                                                                                            000150
    151       exsr fillSubfile;                                                                                              000151
    152       *in30 = *on;                                                                                                   000152
    153     endif;                                                                                                           000153
    154   endif;                                                                                                             000154
    155                                                                                                                      000155
    156   write ltfoot;                                                                                                      000156
    157   if msgrrn > 0;                                                                                                     000157
    158     *in40 = *on;                                                                                                     000158
    159     write ltmsgctl;                                                                                                  000159
    160   else;                                                                                                              000160
    161     *in40 = *off;                                                                                                    000161
    162   endif;                                                                                                             000162
    163   exfmt ltctl;                                                                                                       000163
    164                                                                                                                      000164
    165   if *in03 or *in12;                                                                                                 000165
  5770WDS V7R5M0  220415 RN        IBM ILE RPG             PERPDEMO/WRKLOTR         IDEV       08/26/26 16:51:50        Page      5
 Line   <---------------------- Source Specifications ----------------------------------------------------->  Do  Change Src Seq
 Number ....+....1....+....2....+....3....+....4....+....5....+....6....+....7....+....8....+....9....+...10  Num Date   Id  Number
    166     leave;                                                                                                           000166
    167   endif;                                                                                                             000167
    168                                                                                                                      000168
    169   if *in05;                                                                                                          000169
    170     filter = sfitem;                                                                                                 000170
    171     iter;                                                                                                            000171
    172   endif;                                                                                                             000172
    173                                                                                                                      000173
    174   if *in06;                                                                                                          000174
    175     if sfitem = '';                                                                                                  000175
    176       writeMsg('Enter an item number before adding a lot.');                                                         000176
    177       holdMsg = *on;                                                                                                 000177
    178     else;                                                                                                            000178
    179       filter = sfitem;                                                                                               000179
    180       exsr addRow;                                                                                                   000180
    181     endif;                                                                                                           000181
    182     iter;                                                                                                            000182
    183   endif;                                                                                                             000183
    184                                                                                                                      000184
    185   // Item Number prompt (PERP-60): '?' + Enter invokes the standard                                                  000185
    186   // reusable Item Number lookup (PERP-56) and returns the selection.                                                000186
    187   if %trim(sfitem) = '?';                                                                                            000187
    188     promptItem = sfitem;                                                                                             000188
    189     callItmprmt(compcd : promptItem);                                                                                000189
    190     sfitem = promptItem;                                                                                             000190
    191     filter = promptItem;                                                                                             000191
    192     iter;                                                                                                            000192
    193   endif;                                                                                                             000193
    194                                                                                                                      000194
    195   // Refresh scope from screen entry                                                                                 000195
    196   if sfitem <> filter;                                                                                               000196
    197     filter = sfitem;                                                                                                 000197
    198     iter;                                                                                                            000198
    199   endif;                                                                                                             000199
    200                                                                                                                      000200
    201   // Process subfile options. Guard on numRows: READC against a subfile                                              000201
    202   // that was never written to this cycle (0 rows loaded) raises a                                                   000202
    203   // "Session or device error" (CPF5006-class) runtime error instead of                                              000203
    204   // just returning *EOF.                                                                                            000204
    205   if numRows > 0;                                                                                                    000205
    206     selRrn = 0;                                                                                                      000206
    207     selOpt = ' ';                                                                                                    000207
    208     readc ltsfl;                                                                                                     000208
    209     dow not %eof(wrklotd);                                                                                           000209
    210       if sopt <> '';                                                                                                 000210
    211         selRrn = rrn;                                                                                                000211
    212         selOpt = sopt;                                                                                               000212
    213         exsr handleOpt;                                                                                              000213
    214         selRrn = 0;                                                                                                  000214
    215       endif;                                                                                                         000215
    216       readc ltsfl;                                                                                                   000216
    217     enddo;                                                                                                           000217
    218   endif;                                                                                                             000218
    219                                                                                                                      000219
    220 enddo;                                                                                                               000220
    221                                                                                                                      000221
  5770WDS V7R5M0  220415 RN        IBM ILE RPG             PERPDEMO/WRKLOTR         IDEV       08/26/26 16:51:50        Page      6
 Line   <---------------------- Source Specifications ----------------------------------------------------->  Do  Change Src Seq
 Number ....+....1....+....2....+....3....+....4....+....5....+....6....+....7....+....8....+....9....+...10  Num Date   Id  Number
    222 *inlr = *on;                                                                                                         000222
    223 return;                                                                                                              000223
    224                                                                                                                      000224
    225 // ---------------------------------------------------------------------                                             000225
    226 begsr loadBalances;                                                                                                  000226
    227   exec sql                                                                                                           000227
    228     select qty_on_hand into :itemOh                                                                                  000228
    229       from perpdemo.item                                                                                             000229
    230      where company_code = :compcd and item_number = :filter;                                                         000230
    231   if sqlcode <> 0;                                                                                                   000231
    232     itemOh = 0;                                                                                                      000232
    233   endif;                                                                                                             000233
    234   exec sql                                                                                                           000234
    235     select coalesce(sum(qty_on_hand), 0) into :lotTotal                                                              000235
    236       from perpdemo.item_lot                                                                                         000236
    237      where company_code = :compcd and item_number = :filter;                                                         000237
    238   sioh    = itemOh;                                                                                                  000238
    239   slottot = lotTotal;                                                                                                000239
    240   if itemOh <> lotTotal;                                                                                             000240
    241     *in60 = *on;                                                                                                     000241
    242   else;                                                                                                              000242
    243     *in60 = *off;                                                                                                    000243
    244   endif;                                                                                                             000244
    245 endsr;                                                                                                               000245
    246                                                                                                                      000246
    247 // ---------------------------------------------------------------------                                             000247
    248 begsr loadRows;                                                                                                      000248
    249   numRows = 0;                                                                                                       000249
    250   // PERP-84: display as MM/DD/YY. received_date/expiry_date are stored                                              000250
    251   // as native DATE columns but rendered here as plain strings (SRECV/                                               000251
    252   // SEXPD carry no DATFMT keyword), so the format has to be built by                                                000252
    253   // hand from the ISO string -- DB2 for i's CHAR(date,fmt) built-in                                                 000253
    254   // formats (ISO/USA/EUR/JIS) all use a 4-digit year, none produce a                                                000254
    255   // 2-digit year directly. Same technique as wrkivpr.sqlrpgle (PERP-83).                                            000255
    256   exec sql declare c1 cursor for                                                                                     000256
    257     select lot_number, qty_on_hand,                                                                                  000257
    258            substr(char(received_date, iso), 6, 2) || '/'                                                             000258
    259              || substr(char(received_date, iso), 9, 2) || '/'                                                        000259
    260              || substr(char(received_date, iso), 3, 2),                                                              000260
    261            case when expiry_date is null then ''                                                                     000261
    262                 else substr(char(expiry_date, iso), 6, 2) || '/'                                                     000262
    263                        || substr(char(expiry_date, iso), 9, 2) || '/'                                                000263
    264                        || substr(char(expiry_date, iso), 3, 2)                                                       000264
    265            end                                                                                                       000265
    266       from perpdemo.item_lot                                                                                         000266
    267      where company_code = :compcd and item_number = :filter                                                          000267
    268      order by lot_number;                                                                                            000268
    269   exec sql open c1;                                                                                                  000269
    270   if sqlcode < 0;                                                                                                    000270
    271     writeMsg('SQL open failed: SQLCODE=' + %char(sqlcode));                                                          000271
    272     leavesr;                                                                                                         000272
    273   endif;                                                                                                             000273
    274                                                                                                                      000274
    275   dow numRows < %elem(rows);                                                                                         000275
    276     exec sql fetch c1 into :ltRow;                                                                                   000276
    277     if sqlcode = 100 or sqlcode < 0;                                                                                 000277
  5770WDS V7R5M0  220415 RN        IBM ILE RPG             PERPDEMO/WRKLOTR         IDEV       08/26/26 16:51:50        Page      7
 Line   <---------------------- Source Specifications ----------------------------------------------------->  Do  Change Src Seq
 Number ....+....1....+....2....+....3....+....4....+....5....+....6....+....7....+....8....+....9....+...10  Num Date   Id  Number
    278       leave;                                                                                                         000278
    279     endif;                                                                                                           000279
    280     numRows += 1;                                                                                                    000280
    281     rows(numRows) = ltRow;                                                                                           000281
    282   enddo;                                                                                                             000282
    283   exec sql close c1;                                                                                                 000283
    284 endsr;                                                                                                               000284
    285                                                                                                                      000285
    286 // ---------------------------------------------------------------------                                             000286
    287 begsr fillSubfile;                                                                                                   000287
    288   rrn = 0;                                                                                                           000288
    289   *in31 = *on;                                                                                                       000289
    290   write ltctl;                                                                                                       000290
    291   *in31 = *off;                                                                                                      000291
    292   for i = 1 to numRows;                                                                                              000292
    293     *in50 = *off;                                                                                                    000293
    294     *in51 = *off;                                                                                                    000294
    295     sopt  = '';                                                                                                      000295
    296     slot  = rows(i).lot;                                                                                             000296
    297     sqty  = rows(i).qty;                                                                                             000297
    298     srecv = rows(i).recv;                                                                                            000298
    299     sexpd = rows(i).expd;                                                                                            000299
    300     rrn += 1;                                                                                                        000300
    301     write ltsfl;                                                                                                     000301
    302   endfor;                                                                                                            000302
    303 endsr;                                                                                                               000303
    304                                                                                                                      000304
    305 // ---------------------------------------------------------------------                                             000305
    306 begsr handleOpt;                                                                                                     000306
    307   chain selRrn ltsfl;                                                                                                000307
    308   if %found(wrklotd);                                                                                                000308
    309     select;                                                                                                          000309
    310       when selOpt = '2';                                                                                             000310
    311         exsr changeRow;                                                                                              000311
    312       when selOpt = '4';                                                                                             000312
    313         exsr deleteRow;                                                                                              000313
    314       other;                                                                                                         000314
    315         writeMsg('Option ' + selOpt + ' not valid.');                                                                000315
    316         holdMsg = *on;                                                                                               000316
    317     endsl;                                                                                                           000317
    318   endif;                                                                                                             000318
    319 endsr;                                                                                                               000319
    320                                                                                                                      000320
    321 // ---------------------------------------------------------------------                                             000321
    322 begsr addRow;                                                                                                        000322
    323   exsr clearMsgs;                                                                                                    000323
    324   emode  = 'A';                                                                                                      000324
    325   elot   = '';                                                                                                       000325
    326   eqty   = 0;                                                                                                        000326
    327   erecv  = %char(%date():*mdy);                                                                                      000327
    328   eexpd  = '';                                                                                                       000328
    329   eactive = 'Y';                                                                                                     000329
    330   exsr editLoop;                                                                                                     000330
    331   if not *in12 and elot <> '';                                                                                       000331
    332     exec sql                                                                                                         000332
    333       insert into perpdemo.item_lot                                                                                  000333
  5770WDS V7R5M0  220415 RN        IBM ILE RPG             PERPDEMO/WRKLOTR         IDEV       08/26/26 16:51:50        Page      8
 Line   <---------------------- Source Specifications ----------------------------------------------------->  Do  Change Src Seq
 Number ....+....1....+....2....+....3....+....4....+....5....+....6....+....7....+....8....+....9....+...10  Num Date   Id  Number
    334         (company_code, item_number, lot_number, qty_on_hand, received_date, expiry_date)                             000334
    335         values (:compcd, :filter, :elot, :eqty, date(:erecv),                                                        000335
    336                 case when :eexpd = '' then null else date(:eexpd) end);                                              000336
    337     if sqlcode < 0;                                                                                                  000337
    338       writeMsg('Add failed: SQLCODE=' + %char(sqlcode)                                                               000338
    339              + ' SQLSTATE=' + sqlstate);                                                                             000339
    340     else;                                                                                                            000340
    341       writeMsg('Added lot ' + %trim(elot) + '.');                                                                    000341
    342     endif;                                                                                                           000342
    343     holdMsg = *on;                                                                                                   000343
    344   endif;                                                                                                             000344
    345 endsr;                                                                                                               000345
    346                                                                                                                      000346
    347 // ---------------------------------------------------------------------                                             000347
    348 begsr changeRow;                                                                                                     000348
    349   exsr clearMsgs;                                                                                                    000349
    350   emode = 'C';                                                                                                       000350
    351   elot  = slot;                                                                                                      000351
    352   eqty  = sqty;                                                                                                      000352
    353   erecv = srecv;                                                                                                     000353
    354   eexpd = sexpd;                                                                                                     000354
    355   eactive = 'Y';                                                                                                     000355
    356   exsr editLoop;                                                                                                     000356
    357   if not *in12;                                                                                                      000357
    358     exec sql                                                                                                         000358
    359       update perpdemo.item_lot                                                                                       000359
    360          set qty_on_hand   = :eqty,                                                                                  000360
    361              received_date = date(:erecv),                                                                           000361
    362              expiry_date   = case when :eexpd = '' then null else date(:eexpd) end,                                  000362
    363              updated_at    = current_timestamp,                                                                      000363
    364              updated_by    = user                                                                                    000364
    365        where company_code = :compcd and item_number = :filter and lot_number = :elot;                                000365
    366     if sqlcode < 0;                                                                                                  000366
    367       writeMsg('Change failed: SQLCODE=' + %char(sqlcode));                                                          000367
    368     else;                                                                                                            000368
    369       writeMsg('Updated lot ' + %trim(elot) + '.');                                                                  000369
    370     endif;                                                                                                           000370
    371     holdMsg = *on;                                                                                                   000371
    372   endif;                                                                                                             000372
    373 endsr;                                                                                                               000373
    374                                                                                                                      000374
    375 // ---------------------------------------------------------------------                                             000375
    376 begsr deleteRow;                                                                                                     000376
    377   exsr clearMsgs;                                                                                                    000377
    378   exec sql                                                                                                           000378
    379     delete from perpdemo.item_lot                                                                                    000379
    380      where company_code = :compcd and item_number = :filter and lot_number = :slot;                                  000380
    381   if sqlcode < 0;                                                                                                    000381
    382     writeMsg('Delete failed: SQLSTATE=' + sqlstate);                                                                 000382
    383   else;                                                                                                              000383
    384     writeMsg('Deleted lot ' + %trim(slot) + '.');                                                                    000384
    385   endif;                                                                                                             000385
    386   holdMsg = *on;                                                                                                     000386
    387 endsr;                                                                                                               000387
    388                                                                                                                      000388
    389 // ---------------------------------------------------------------------                                             000389
  5770WDS V7R5M0  220415 RN        IBM ILE RPG             PERPDEMO/WRKLOTR         IDEV       08/26/26 16:51:50        Page      9
 Line   <---------------------- Source Specifications ----------------------------------------------------->  Do  Change Src Seq
 Number ....+....1....+....2....+....3....+....4....+....5....+....6....+....7....+....8....+....9....+...10  Num Date   Id  Number
    390 // PERP-84: erecv/eexpd are typed by the user as MM/DD/YY on LTEDIT.                                                 000390
    391 // Validate on every Enter; on failure, show the error in the message                                                000391
    392 // subfile alongside LTEDIT and let the user retry (never crash into                                                 000392
    393 // the SQL date(:erecv) cast in addRow/changeRow with unparsed text).                                                000393
    394 // On success, erecv/eexpd are normalized to ISO ('yyyy-mm-dd') text so                                              000394
    395 // the existing date(:erecv)/date(:eexpd) SQL casts in addRow/changeRow                                              000395
    396 // keep working unchanged.                                                                                           000396
    397 begsr editLoop;                                                                                                      000397
    398   exsr clearMsgs;                                                                                                    000398
    399   dow *on;                                                                                                           000399
    400     if msgrrn > 0;                                                                                                   000400
    401       *in40 = *on;                                                                                                   000401
    402       write ltmsgctl;                                                                                                000402
    403     else;                                                                                                            000403
    404       *in40 = *off;                                                                                                  000404
    405     endif;                                                                                                           000405
    406     exfmt ltedit;                                                                                                    000406
    407                                                                                                                      000407
    408     if *in12;                                                                                                        000408
    409       leave;                                                                                                         000409
    410     endif;                                                                                                           000410
    411                                                                                                                      000411
    412     exsr clearMsgs;                                                                                                  000412
    413                                                                                                                      000413
    414     if %trim(elot) = '';                                                                                             000414
    415       writeMsg('Lot Number is required.');                                                                           000415
    416       iter;                                                                                                          000416
    417     endif;                                                                                                           000417
    418                                                                                                                      000418
    419     if %trim(erecv) = '';                                                                                            000419
    420       writeMsg('Received Date is required (MM/DD/YY).');                                                             000420
    421       iter;                                                                                                          000421
    422     endif;                                                                                                           000422
    423                                                                                                                      000423
    424     validRecv = *on;                                                                                                 000424
    425     monitor;                                                                                                         000425
    426       parsedRecv = %date(%trim(erecv):*mdy);                                                                         000426
    427     on-error;                                                                                                        000427
    428       validRecv = *off;                                                                                              000428
    429     endmon;                                                                                                          000429
    430     if not validRecv;                                                                                                000430
    431       writeMsg('Invalid Received Date - enter as MM/DD/YY.');                                                        000431
    432       iter;                                                                                                          000432
    433     endif;                                                                                                           000433
    434                                                                                                                      000434
    435     validExpd = *on;                                                                                                 000435
    436     if %trim(eexpd) <> '';                                                                                           000436
    437       monitor;                                                                                                       000437
    438         parsedExpd = %date(%trim(eexpd):*mdy);                                                                       000438
    439       on-error;                                                                                                      000439
    440         validExpd = *off;                                                                                            000440
    441       endmon;                                                                                                        000441
    442     endif;                                                                                                           000442
    443     if not validExpd;                                                                                                000443
    444       writeMsg('Invalid Expiry Date - enter as MM/DD/YY, or blank for none.');                                       000444
    445       iter;                                                                                                          000445
  5770WDS V7R5M0  220415 RN        IBM ILE RPG             PERPDEMO/WRKLOTR         IDEV       08/26/26 16:51:50        Page     10
 Line   <---------------------- Source Specifications ----------------------------------------------------->  Do  Change Src Seq
 Number ....+....1....+....2....+....3....+....4....+....5....+....6....+....7....+....8....+....9....+...10  Num Date   Id  Number
    446     endif;                                                                                                           000446
    447                                                                                                                      000447
    448     erecv = %char(parsedRecv:*iso);                                                                                  000448
    449     if %trim(eexpd) <> '';                                                                                           000449
    450       eexpd = %char(parsedExpd:*iso);                                                                                000450
    451     endif;                                                                                                           000451
    452                                                                                                                      000452
    453     leave;                                                                                                           000453
    454   enddo;                                                                                                             000454
    455 endsr;                                                                                                               000455
    456                                                                                                                      000456
    457 // ---------------------------------------------------------------------                                             000457
    458 begsr clearMsgs;                                                                                                     000458
    459   msgrrn = 0;                                                                                                        000459
    460   *in41 = *on;                                                                                                       000460
    461   write ltmsgctl;                                                                                                    000461
    462   *in41 = *off;                                                                                                      000462
    463 endsr;                                                                                                               000463
    464                                                                                                                      000464
    465 // ---------------------------------------------------------------------                                             000465
    466 dcl-proc writeMsg;                                                                                                   000466
    467   dcl-pi *n;                                                                                                         000467
    468     text varchar(256) const;                                                                                         000468
    469   end-pi;                                                                                                            000469
    470   dcl-s data char(256);                                                                                              000470
    471   data = text;                                                                                                       000471
    472   QMHSNDPM(                                                                                                          000472
    473     'CPF9897' :                                                                                                      000473
    474     'QCPFMSG   QSYS      ' :                                                                                         000474
    475     data :                                                                                                           000475
    476     %len(text) :                                                                                                     000476
    477     '*INFO     ' :                                                                                                   000477
    478     '*         ' :                                                                                                   000478
    479     1 :                                                                                                              000479
    480     smsgkey :                                                                                                        000480
    481     x'0000000000000000');                                                                                            000481
    482   msgrrn += 1;                                                                                                       000482
    483   spgmq = statusDS.programName;                                                                                      000483
    484   write ltmsgsfl;                                                                                                    000484
    485 end-proc;                                                                                                            000485
        * * * * *   E N D   O F   S O U R C E   * * * * *
  5770WDS V7R5M0  220415 RN        IBM ILE RPG             PERPDEMO/WRKLOTR         IDEV       08/26/26 16:51:50        Page     11
 Line   <---------------------- Data Records -------------------------------------------------------------->      Change Src Seq
 Number ....+....1....+....2....+....3....+....4....+....5....+....6....+....7....+....8....+....9....+...10      Date   Id  Number
                        C o m p i l e   T i m e   D a t a
     * * * * *   E N D   O F   C O M P I L E   T I M E   D A T A   * * * * *
  5770WDS V7R5M0  220415 RN        IBM ILE RPG             PERPDEMO/WRKLOTR         IDEV       08/26/26 16:51:50        Page     12
                           M e s s a g e   S u m m a r y
  Msg id  Sv Number Message text
        * * * * *   E N D   O F   M E S S A G E   S U M M A R Y   * * * * *
  5770WDS V7R5M0  220415 RN        IBM ILE RPG             PERPDEMO/WRKLOTR         IDEV       08/26/26 16:51:50        Page     13
                             F i n a l   S u m m a r y
   Message Totals:
     Information  (00) . . . . . . . :        0
     Warning      (10) . . . . . . . :        0
     Error        (20) . . . . . . . :        0
     Severe Error (30+)  . . . . . . :        0
     ---------------------------------  -------
     Total . . . . . . . . . . . . . :        0
   Source Totals:
     Records . . . . . . . . . . . . :      485
     Specifications  . . . . . . . . :      376
     Data records  . . . . . . . . . :        0
     Comments  . . . . . . . . . . . :      106
          * * * * *   E N D   O F   F I N A L   S U M M A R Y   * * * * *
 Diagnostic check of source is complete. Highest severity is 00.
           * * * * *   E N D   O F   C O M P I L A T I O N   * * * * *
 5770ST1 V7R5M0 220415            Create SQL ILE RPG Object         WRKLOTR                     08/26/26 16:51:50          Page     1
 Source type...............RPG
 Object name...............PERPDEMO/WRKLOTR
 Source file...............QTEMP/QSQLPRE
 Member....................*OBJ
 To source file............QTEMP/QSQLTEMP1
 Options...................*XREF
 RPG preprocessor options..*LVL2
 Listing option............*PRINT
 Target release............V7R4M0
 INCLUDE file..............*LIBL/QRPGLESRC
 Commit....................*CHG
 Allow copy of data........*OPTIMIZE
 Close SQL cursor..........*ENDACTGRP
 Allow blocking............*ALLREAD
 Delay PREPARE.............*NO
 Concurrent access
   resolution..............*DFT
 Generation level..........10
 Printer file..............*LIBL/QSYSPRT
 Date format...............*JOB
 Date separator............*JOB
 Time format...............*HMS
 Time separator ...........*JOB
 Replace...................*YES
 Relational database.......*LOCAL
 User .....................*CURRENT
 RDB connect method........*DUW
 Default collection........*NONE
 Dynamic default
   collection..............*NO
 Package name..............*OBJLIB/*OBJ
 Path......................*NAMING
 SQL rules.................*DB2
 Created object type.......*PGM
 Debugging view............*SOURCE
 Debugging encryption key..*NONE
 User profile .............*NAMING
 Dynamic user profile......*USER
 Sort sequence.............*JOB
 Language ID...............*JOB
 IBM SQL flagging..........*NOFLAG
 ANS flagging..............*NONE
 Text......................*SRCMBRTXT
 Source file CCSID.........37
 Conversion CCSID..........1208
 Job CCSID.................37
 Decimal result options:
   Maximum precision.......31
   Maximum scale...........31
   Minimum divide scale....0
 DECFLOAT rounding mode....*HALFEVEN
 Compiler options..........incdir('.') tgtccsid(*job) output(*print)
 Source member changed on 08/26/26  16:51:50
 5770ST1 V7R5M0 220415            Create SQL ILE RPG Object         WRKLOTR                     08/26/26 16:51:50          Page     2
 Record  *...+... 1 ...+... 2 ...+... 3 ...+... 4 ...+... 5 ...+... 6 ...+... 7 ...+... 8 ...+... 9 ...+... 0   SEQNBR  Last change
     1   **free                                                                                                 000001   08/26/26
     2                                                                                                          000002   08/26/26
     3   // ---------------------------------------------------------------------                               000003   08/26/26
     4   // Program: wrklotr  (Work with Item Lots)                                                             000004   08/26/26
     5   // Purpose: DSPF-based CRUD for item_lot, scoped by the company selected                               000005   08/26/26
     6   //          via perpselr (*LDA positions 1-3) and an item number entered                               000006   08/26/26
     7   //          on screen (same scoping idiom as wrkcnvr). Shows item.on_hand                              000007   08/26/26
     8   //          alongside SUM(item_lot.qty_on_hand) and flags a discrepancy                                000008   08/26/26
     9   //          -- the entry point for the reconciliation demo (Option C:                                  000009   08/26/26
    10   //          balances denormalized on both item and item_lot by design).                                000010   08/26/26
    11   //          Callable standalone or pre-scoped by passing company/item                                  000011   08/26/26
    12   //          (mirrors wrkcnvr's PERP-23 integration).                                                   000012   08/26/26
    13   // Epic:    PERP-3 (PERP-24)                                                                           000013   08/26/26
    14   // ---------------------------------------------------------------------                               000014   08/26/26
    15                                                                                                          000015   08/26/26
    16   // PERP-84: datfmt(*iso) is required now that this program declares                                    000016   08/26/26
    17   // Date-typed variables (parsedRecv/parsedExpd below) to validate the                                  000017   08/26/26
    18   // MM/DD/YY Received/Expiry Date entry fields. Without this override the                               000018   08/26/26
    19   // job's *MDY (1940-2039) DATFMT becomes the Date variables' storage                                   000019   08/26/26
    20   // format, per perp/AGENTS.md's RNQ0114 gotcha.                                                        000020   08/26/26
    21   ctl-opt dftactgrp(*no) actgrp(*new) datfmt(*iso);                                                      000021   08/26/26
    22                                                                                                          000022   08/26/26
    23   dcl-pi *n;                                                                                             000023   08/26/26
    24     pCompcd char(3)      const options(*nopass);                                                         000024   08/26/26
    25     pItem   varchar(25)  const options(*nopass);                                                         000025   08/26/26
    26   end-pi;                                                                                                000026   08/26/26
    27                                                                                                          000027   08/26/26
    28   dcl-f wrklotd workstn sfile(ltsfl:rrn) sfile(ltmsgsfl:msgrrn);                                         000028   08/26/26
    29                                                                                                          000029   08/26/26
    30   dcl-ds ldaDS dtaara(*lda) len(1024) qualified;                                                         000030   08/26/26
    31     compcd char(3) pos(1);                                                                               000031   08/26/26
    32   end-ds;                                                                                                000032   08/26/26
    33                                                                                                          000033   08/26/26
    34   dcl-pr QMHSNDPM extpgm;                                                                                000034   08/26/26
    35     msgId       char(7)   const;                                                                         000035   08/26/26
    36     msgF        char(20)  const;                                                                         000036   08/26/26
    37     msgData     char(256) const;                                                                         000037   08/26/26
    38     msgDataLen  int(10)   const;                                                                         000038   08/26/26
    39     msgType     char(10)  const;                                                                         000039   08/26/26
    40     stackEntry  char(10)  const;                                                                         000040   08/26/26
    41     stackCntr   int(10)   const;                                                                         000041   08/26/26
    42     msgKey      char(4);                                                                                 000042   08/26/26
    43     errorCode   char(8)   const;                                                                         000043   08/26/26
    44   end-pr;                                                                                                000044   08/26/26
    45                                                                                                          000045   08/26/26
    46   // Standard, reusable Item Number prompt (PERP-51/PERP-56). Same dynamic                               000046   08/26/26
    47   // CALL idiom as wrkitmr's callWrkcnvr/callWrklotr.                                                    000047   08/26/26
    48   dcl-pr callItmprmt extpgm('ITMPRMT');                                                                  000048   08/26/26
    49     pCompcd char(3)     const;                                                                           000049   08/26/26
    50     pItem   varchar(25);                                                                                 000050   08/26/26
    51   end-pr;                                                                                                000051   08/26/26
    52                                                                                                          000052   08/26/26
    53   dcl-ds statusDS psds qualified;                                                                        000053   08/26/26
    54     programName char(10) pos(334);                                                                       000054   08/26/26
    55   end-ds;                                                                                                000055   08/26/26
    56                                                                                                          000056   08/26/26
 5770ST1 V7R5M0 220415            Create SQL ILE RPG Object         WRKLOTR                     08/26/26 16:51:50          Page     3
 Record  *...+... 1 ...+... 2 ...+... 3 ...+... 4 ...+... 5 ...+... 6 ...+... 7 ...+... 8 ...+... 9 ...+... 0   SEQNBR  Last change
    57   dcl-ds ltRow qualified;                                                                                000057   08/26/26
    58     lot     varchar(20);                                                                                 000058   08/26/26
    59     qty     packed(15:4);                                                                                000059   08/26/26
    60     recv    varchar(10);                                                                                 000060   08/26/26
    61     expd    varchar(10);                                                                                 000061   08/26/26
    62   end-ds;                                                                                                000062   08/26/26
    63                                                                                                          000063   08/26/26
    64   dcl-ds rows likeds(ltRow) dim(500);                                                                    000064   08/26/26
    65   dcl-s numRows  int(10);                                                                                000065   08/26/26
    66   dcl-s i        int(10);                                                                                000066   08/26/26
    67   dcl-s rrn      int(10);                                                                                000067   08/26/26
    68   dcl-s msgrrn   int(10);                                                                                000068   08/26/26
    69   dcl-s msgkey   char(4);                                                                                000069   08/26/26
    70   dcl-s selRrn   int(10);                                                                                000070   08/26/26
    71   dcl-s selOpt   char(1);                                                                                000071   08/26/26
    72   dcl-s filter   varchar(25);                                                                            000072   08/26/26
    73   dcl-s compcd   char(3);                                                                                000073   08/26/26
    74   dcl-s itemOh   packed(15:4);                                                                           000074   08/26/26
    75   dcl-s lotTotal packed(15:4);                                                                           000075   08/26/26
    76   dcl-s promptItem varchar(25);                                                                          000076   08/26/26
    77   dcl-s holdMsg    ind;                                                                                  000077   08/26/26
    78                                                                                                          000078   08/26/26
    79   // PERP-84: MM/DD/YY entry validation for ERECV/EEXPD (see editLoop).                                  000079   08/26/26
    80   // parsedRecv/parsedExpd are Date-typed working vars used only to                                      000080   08/26/26
    81   // validate/reformat the typed text -- they are never bound directly to                                000081   08/26/26
    82   // an SQL host variable (erecv/eexpd stay char(10) for that), so the                                   000082   08/26/26
    83   // SQL-precompiler-intermediate-host-variable *MDY cap documented in                                   000083   08/26/26
    84   // perp/AGENTS.md #13 does not come into play here.                                                    000084   08/26/26
    85   dcl-s parsedRecv date;                                                                                 000085   08/26/26
    86   dcl-s parsedExpd date;                                                                                 000086   08/26/26
    87   dcl-s validRecv  ind;                                                                                  000087   08/26/26
    88   dcl-s validExpd  ind;                                                                                  000088   08/26/26
    89                                                                                                          000089   08/26/26
    90   in ldaDS;                                                                                              000090   08/26/26
    91   compcd = ldaDS.compcd;                                                                                 000091   08/26/26
    92                                                                                                          000092   08/26/26
    93   if %parms >= 1 and pCompcd <> '';                                                                      000093   08/26/26
    94     compcd = pCompcd;                                                                                    000094   08/26/26
    95   endif;                                                                                                 000095   08/26/26
    96   scompdsp = compcd;                                                                                     000096   08/26/26
    97   filter = '';                                                                                           000097   08/26/26
    98   if %parms >= 2 and pItem <> '';                                                                        000098   08/26/26
    99     filter = pItem;                                                                                      000099   08/26/26
   100     sfitem = pItem;                                                                                      000100   08/26/26
   101   else;                                                                                                  000101   08/26/26
   102     sfitem = '';                                                                                         000102   08/26/26
   103   endif;                                                                                                 000103   08/26/26
   104                                                                                                          000104   08/26/26
   105   if compcd = '';                                                                                        000105   08/26/26
   106     exsr clearMsgs;                                                                                      000106   08/26/26
   107     writeMsg('No company selected - run Select Company (PERPSELR) first.');                              000107   08/26/26
   108   endif;                                                                                                 000108   08/26/26
   109                                                                                                          000109   08/26/26
   110   dow not *in03 and not *in12;                                                                           000110   08/26/26
   111     if compcd = '';                                                                                      000111   08/26/26
   112       *in30 = *off;                                                                                      000112   08/26/26
 5770ST1 V7R5M0 220415            Create SQL ILE RPG Object         WRKLOTR                     08/26/26 16:51:50          Page     4
 Record  *...+... 1 ...+... 2 ...+... 3 ...+... 4 ...+... 5 ...+... 6 ...+... 7 ...+... 8 ...+... 9 ...+... 0   SEQNBR  Last change
   113       write ltnoitem;                                                                                    000113   08/26/26
   114       write ltfoot;                                                                                      000114   08/26/26
   115       if msgrrn > 0;                                                                                     000115   08/26/26
   116         *in40 = *on;                                                                                     000116   08/26/26
   117         write ltmsgctl;                                                                                  000117   08/26/26
   118       else;                                                                                              000118   08/26/26
   119         *in40 = *off;                                                                                    000119   08/26/26
   120       endif;                                                                                             000120   08/26/26
   121       exfmt ltctl;                                                                                       000121   08/26/26
   122       leave;                                                                                             000122   08/26/26
   123     endif;                                                                                               000123   08/26/26
   124                                                                                                          000124   08/26/26
   125     // A message queued by an action handler below (addRow, etc.) must                                   000125   08/26/26
   126     // survive one full loop pass before being cleared, or it never                                      000126   08/26/26
   127     // reaches the screen -- clearMsgs wipes msgrrn back to 0 on the very                                000127   08/26/26
   128     // next pass, before this pass's own exfmt ever shows it. holdMsg                                    000128   08/26/26
   129     // skips exactly one clearMsgs call right after such a message was                                   000129   08/26/26
   130     // queued. Same pattern as wrkitmr.                                                                  000130   08/26/26
   131     if holdMsg;                                                                                          000131   08/26/26
   132       holdMsg = *off;                                                                                    000132   08/26/26
   133     else;                                                                                                000133   08/26/26
   134       exsr clearMsgs;                                                                                    000134   08/26/26
   135     endif;                                                                                               000135   08/26/26
   136                                                                                                          000136   08/26/26
   137     if filter = '';                                                                                      000137   08/26/26
   138       *in30 = *off;                                                                                      000138   08/26/26
   139       *in60 = *off;                                                                                      000139   08/26/26
   140       numRows = 0;                                                                                       000140   08/26/26
   141       sioh = 0;                                                                                          000141   08/26/26
   142       slottot = 0;                                                                                       000142   08/26/26
   143       write ltnoitem;                                                                                    000143   08/26/26
   144     else;                                                                                                000144   08/26/26
   145       exsr loadBalances;                                                                                 000145   08/26/26
   146       exsr loadRows;                                                                                     000146   08/26/26
   147       if numRows = 0;                                                                                    000147   08/26/26
   148         *in30 = *off;                                                                                    000148   08/26/26
   149         write ltnone;                                                                                    000149   08/26/26
   150       else;                                                                                              000150   08/26/26
   151         exsr fillSubfile;                                                                                000151   08/26/26
   152         *in30 = *on;                                                                                     000152   08/26/26
   153       endif;                                                                                             000153   08/26/26
   154     endif;                                                                                               000154   08/26/26
   155                                                                                                          000155   08/26/26
   156     write ltfoot;                                                                                        000156   08/26/26
   157     if msgrrn > 0;                                                                                       000157   08/26/26
   158       *in40 = *on;                                                                                       000158   08/26/26
   159       write ltmsgctl;                                                                                    000159   08/26/26
   160     else;                                                                                                000160   08/26/26
   161       *in40 = *off;                                                                                      000161   08/26/26
   162     endif;                                                                                               000162   08/26/26
   163     exfmt ltctl;                                                                                         000163   08/26/26
   164                                                                                                          000164   08/26/26
   165     if *in03 or *in12;                                                                                   000165   08/26/26
   166       leave;                                                                                             000166   08/26/26
   167     endif;                                                                                               000167   08/26/26
   168                                                                                                          000168   08/26/26
 5770ST1 V7R5M0 220415            Create SQL ILE RPG Object         WRKLOTR                     08/26/26 16:51:50          Page     5
 Record  *...+... 1 ...+... 2 ...+... 3 ...+... 4 ...+... 5 ...+... 6 ...+... 7 ...+... 8 ...+... 9 ...+... 0   SEQNBR  Last change
   169     if *in05;                                                                                            000169   08/26/26
   170       filter = sfitem;                                                                                   000170   08/26/26
   171       iter;                                                                                              000171   08/26/26
   172     endif;                                                                                               000172   08/26/26
   173                                                                                                          000173   08/26/26
   174     if *in06;                                                                                            000174   08/26/26
   175       if sfitem = '';                                                                                    000175   08/26/26
   176         writeMsg('Enter an item number before adding a lot.');                                           000176   08/26/26
   177         holdMsg = *on;                                                                                   000177   08/26/26
   178       else;                                                                                              000178   08/26/26
   179         filter = sfitem;                                                                                 000179   08/26/26
   180         exsr addRow;                                                                                     000180   08/26/26
   181       endif;                                                                                             000181   08/26/26
   182       iter;                                                                                              000182   08/26/26
   183     endif;                                                                                               000183   08/26/26
   184                                                                                                          000184   08/26/26
   185     // Item Number prompt (PERP-60): '?' + Enter invokes the standard                                    000185   08/26/26
   186     // reusable Item Number lookup (PERP-56) and returns the selection.                                  000186   08/26/26
   187     if %trim(sfitem) = '?';                                                                              000187   08/26/26
   188       promptItem = sfitem;                                                                               000188   08/26/26
   189       callItmprmt(compcd : promptItem);                                                                  000189   08/26/26
   190       sfitem = promptItem;                                                                               000190   08/26/26
   191       filter = promptItem;                                                                               000191   08/26/26
   192       iter;                                                                                              000192   08/26/26
   193     endif;                                                                                               000193   08/26/26
   194                                                                                                          000194   08/26/26
   195     // Refresh scope from screen entry                                                                   000195   08/26/26
   196     if sfitem <> filter;                                                                                 000196   08/26/26
   197       filter = sfitem;                                                                                   000197   08/26/26
   198       iter;                                                                                              000198   08/26/26
   199     endif;                                                                                               000199   08/26/26
   200                                                                                                          000200   08/26/26
   201     // Process subfile options. Guard on numRows: READC against a subfile                                000201   08/26/26
   202     // that was never written to this cycle (0 rows loaded) raises a                                     000202   08/26/26
   203     // "Session or device error" (CPF5006-class) runtime error instead of                                000203   08/26/26
   204     // just returning *EOF.                                                                              000204   08/26/26
   205     if numRows > 0;                                                                                      000205   08/26/26
   206       selRrn = 0;                                                                                        000206   08/26/26
   207       selOpt = ' ';                                                                                      000207   08/26/26
   208       readc ltsfl;                                                                                       000208   08/26/26
   209       dow not %eof(wrklotd);                                                                             000209   08/26/26
   210         if sopt <> '';                                                                                   000210   08/26/26
   211           selRrn = rrn;                                                                                  000211   08/26/26
   212           selOpt = sopt;                                                                                 000212   08/26/26
   213           exsr handleOpt;                                                                                000213   08/26/26
   214           selRrn = 0;                                                                                    000214   08/26/26
   215         endif;                                                                                           000215   08/26/26
   216         readc ltsfl;                                                                                     000216   08/26/26
   217       enddo;                                                                                             000217   08/26/26
   218     endif;                                                                                               000218   08/26/26
   219                                                                                                          000219   08/26/26
   220   enddo;                                                                                                 000220   08/26/26
   221                                                                                                          000221   08/26/26
   222   *inlr = *on;                                                                                           000222   08/26/26
   223   return;                                                                                                000223   08/26/26
   224                                                                                                          000224   08/26/26
 5770ST1 V7R5M0 220415            Create SQL ILE RPG Object         WRKLOTR                     08/26/26 16:51:50          Page     6
 Record  *...+... 1 ...+... 2 ...+... 3 ...+... 4 ...+... 5 ...+... 6 ...+... 7 ...+... 8 ...+... 9 ...+... 0   SEQNBR  Last change
   225   // ---------------------------------------------------------------------                               000225   08/26/26
   226   begsr loadBalances;                                                                                    000226   08/26/26
   227     exec sql                                                                                             000227   08/26/26
   228       select qty_on_hand into :itemOh                                                                    000228   08/26/26
   229         from perpdemo.item                                                                               000229   08/26/26
   230        where company_code = :compcd and item_number = :filter;                                           000230   08/26/26
   231     if sqlcode <> 0;                                                                                     000231   08/26/26
   232       itemOh = 0;                                                                                        000232   08/26/26
   233     endif;                                                                                               000233   08/26/26
   234     exec sql                                                                                             000234   08/26/26
   235       select coalesce(sum(qty_on_hand), 0) into :lotTotal                                                000235   08/26/26
   236         from perpdemo.item_lot                                                                           000236   08/26/26
   237        where company_code = :compcd and item_number = :filter;                                           000237   08/26/26
   238     sioh    = itemOh;                                                                                    000238   08/26/26
   239     slottot = lotTotal;                                                                                  000239   08/26/26
   240     if itemOh <> lotTotal;                                                                               000240   08/26/26
   241       *in60 = *on;                                                                                       000241   08/26/26
   242     else;                                                                                                000242   08/26/26
   243       *in60 = *off;                                                                                      000243   08/26/26
   244     endif;                                                                                               000244   08/26/26
   245   endsr;                                                                                                 000245   08/26/26
   246                                                                                                          000246   08/26/26
   247   // ---------------------------------------------------------------------                               000247   08/26/26
   248   begsr loadRows;                                                                                        000248   08/26/26
   249     numRows = 0;                                                                                         000249   08/26/26
   250     // PERP-84: display as MM/DD/YY. received_date/expiry_date are stored                                000250   08/26/26
   251     // as native DATE columns but rendered here as plain strings (SRECV/                                 000251   08/26/26
   252     // SEXPD carry no DATFMT keyword), so the format has to be built by                                  000252   08/26/26
   253     // hand from the ISO string -- DB2 for i's CHAR(date,fmt) built-in                                   000253   08/26/26
   254     // formats (ISO/USA/EUR/JIS) all use a 4-digit year, none produce a                                  000254   08/26/26
   255     // 2-digit year directly. Same technique as wrkivpr.sqlrpgle (PERP-83).                              000255   08/26/26
   256     exec sql declare c1 cursor for                                                                       000256   08/26/26
   257       select lot_number, qty_on_hand,                                                                    000257   08/26/26
   258              substr(char(received_date, iso), 6, 2) || '/'                                               000258   08/26/26
   259                || substr(char(received_date, iso), 9, 2) || '/'                                          000259   08/26/26
   260                || substr(char(received_date, iso), 3, 2),                                                000260   08/26/26
   261              case when expiry_date is null then ''                                                       000261   08/26/26
   262                   else substr(char(expiry_date, iso), 6, 2) || '/'                                       000262   08/26/26
   263                          || substr(char(expiry_date, iso), 9, 2) || '/'                                  000263   08/26/26
   264                          || substr(char(expiry_date, iso), 3, 2)                                         000264   08/26/26
   265              end                                                                                         000265   08/26/26
   266         from perpdemo.item_lot                                                                           000266   08/26/26
   267        where company_code = :compcd and item_number = :filter                                            000267   08/26/26
   268        order by lot_number;                                                                              000268   08/26/26
   269     exec sql open c1;                                                                                    000269   08/26/26
   270     if sqlcode < 0;                                                                                      000270   08/26/26
   271       writeMsg('SQL open failed: SQLCODE=' + %char(sqlcode));                                            000271   08/26/26
   272       leavesr;                                                                                           000272   08/26/26
   273     endif;                                                                                               000273   08/26/26
   274                                                                                                          000274   08/26/26
   275     dow numRows < %elem(rows);                                                                           000275   08/26/26
   276       exec sql fetch c1 into :ltRow;                                                                     000276   08/26/26
   277       if sqlcode = 100 or sqlcode < 0;                                                                   000277   08/26/26
   278         leave;                                                                                           000278   08/26/26
   279       endif;                                                                                             000279   08/26/26
   280       numRows += 1;                                                                                      000280   08/26/26
 5770ST1 V7R5M0 220415            Create SQL ILE RPG Object         WRKLOTR                     08/26/26 16:51:50          Page     7
 Record  *...+... 1 ...+... 2 ...+... 3 ...+... 4 ...+... 5 ...+... 6 ...+... 7 ...+... 8 ...+... 9 ...+... 0   SEQNBR  Last change
   281       rows(numRows) = ltRow;                                                                             000281   08/26/26
   282     enddo;                                                                                               000282   08/26/26
   283     exec sql close c1;                                                                                   000283   08/26/26
   284   endsr;                                                                                                 000284   08/26/26
   285                                                                                                          000285   08/26/26
   286   // ---------------------------------------------------------------------                               000286   08/26/26
   287   begsr fillSubfile;                                                                                     000287   08/26/26
   288     rrn = 0;                                                                                             000288   08/26/26
   289     *in31 = *on;                                                                                         000289   08/26/26
   290     write ltctl;                                                                                         000290   08/26/26
   291     *in31 = *off;                                                                                        000291   08/26/26
   292     for i = 1 to numRows;                                                                                000292   08/26/26
   293       *in50 = *off;                                                                                      000293   08/26/26
   294       *in51 = *off;                                                                                      000294   08/26/26
   295       sopt  = '';                                                                                        000295   08/26/26
   296       slot  = rows(i).lot;                                                                               000296   08/26/26
   297       sqty  = rows(i).qty;                                                                               000297   08/26/26
   298       srecv = rows(i).recv;                                                                              000298   08/26/26
   299       sexpd = rows(i).expd;                                                                              000299   08/26/26
   300       rrn += 1;                                                                                          000300   08/26/26
   301       write ltsfl;                                                                                       000301   08/26/26
   302     endfor;                                                                                              000302   08/26/26
   303   endsr;                                                                                                 000303   08/26/26
   304                                                                                                          000304   08/26/26
   305   // ---------------------------------------------------------------------                               000305   08/26/26
   306   begsr handleOpt;                                                                                       000306   08/26/26
   307     chain selRrn ltsfl;                                                                                  000307   08/26/26
   308     if %found(wrklotd);                                                                                  000308   08/26/26
   309       select;                                                                                            000309   08/26/26
   310         when selOpt = '2';                                                                               000310   08/26/26
   311           exsr changeRow;                                                                                000311   08/26/26
   312         when selOpt = '4';                                                                               000312   08/26/26
   313           exsr deleteRow;                                                                                000313   08/26/26
   314         other;                                                                                           000314   08/26/26
   315           writeMsg('Option ' + selOpt + ' not valid.');                                                  000315   08/26/26
   316           holdMsg = *on;                                                                                 000316   08/26/26
   317       endsl;                                                                                             000317   08/26/26
   318     endif;                                                                                               000318   08/26/26
   319   endsr;                                                                                                 000319   08/26/26
   320                                                                                                          000320   08/26/26
   321   // ---------------------------------------------------------------------                               000321   08/26/26
   322   begsr addRow;                                                                                          000322   08/26/26
   323     exsr clearMsgs;                                                                                      000323   08/26/26
   324     emode  = 'A';                                                                                        000324   08/26/26
   325     elot   = '';                                                                                         000325   08/26/26
   326     eqty   = 0;                                                                                          000326   08/26/26
   327     erecv  = %char(%date():*mdy);                                                                        000327   08/26/26
   328     eexpd  = '';                                                                                         000328   08/26/26
   329     eactive = 'Y';                                                                                       000329   08/26/26
   330     exsr editLoop;                                                                                       000330   08/26/26
   331     if not *in12 and elot <> '';                                                                         000331   08/26/26
   332       exec sql                                                                                           000332   08/26/26
   333         insert into perpdemo.item_lot                                                                    000333   08/26/26
   334           (company_code, item_number, lot_number, qty_on_hand, received_date, expiry_date)               000334   08/26/26
   335           values (:compcd, :filter, :elot, :eqty, date(:erecv),                                          000335   08/26/26
   336                   case when :eexpd = '' then null else date(:eexpd) end);                                000336   08/26/26
 5770ST1 V7R5M0 220415            Create SQL ILE RPG Object         WRKLOTR                     08/26/26 16:51:50          Page     8
 Record  *...+... 1 ...+... 2 ...+... 3 ...+... 4 ...+... 5 ...+... 6 ...+... 7 ...+... 8 ...+... 9 ...+... 0   SEQNBR  Last change
   337       if sqlcode < 0;                                                                                    000337   08/26/26
   338         writeMsg('Add failed: SQLCODE=' + %char(sqlcode)                                                 000338   08/26/26
   339                + ' SQLSTATE=' + sqlstate);                                                               000339   08/26/26
   340       else;                                                                                              000340   08/26/26
   341         writeMsg('Added lot ' + %trim(elot) + '.');                                                      000341   08/26/26
   342       endif;                                                                                             000342   08/26/26
   343       holdMsg = *on;                                                                                     000343   08/26/26
   344     endif;                                                                                               000344   08/26/26
   345   endsr;                                                                                                 000345   08/26/26
   346                                                                                                          000346   08/26/26
   347   // ---------------------------------------------------------------------                               000347   08/26/26
   348   begsr changeRow;                                                                                       000348   08/26/26
   349     exsr clearMsgs;                                                                                      000349   08/26/26
   350     emode = 'C';                                                                                         000350   08/26/26
   351     elot  = slot;                                                                                        000351   08/26/26
   352     eqty  = sqty;                                                                                        000352   08/26/26
   353     erecv = srecv;                                                                                       000353   08/26/26
   354     eexpd = sexpd;                                                                                       000354   08/26/26
   355     eactive = 'Y';                                                                                       000355   08/26/26
   356     exsr editLoop;                                                                                       000356   08/26/26
   357     if not *in12;                                                                                        000357   08/26/26
   358       exec sql                                                                                           000358   08/26/26
   359         update perpdemo.item_lot                                                                         000359   08/26/26
   360            set qty_on_hand   = :eqty,                                                                    000360   08/26/26
   361                received_date = date(:erecv),                                                             000361   08/26/26
   362                expiry_date   = case when :eexpd = '' then null else date(:eexpd) end,                    000362   08/26/26
   363                updated_at    = current_timestamp,                                                        000363   08/26/26
   364                updated_by    = user                                                                      000364   08/26/26
   365          where company_code = :compcd and item_number = :filter and lot_number = :elot;                  000365   08/26/26
   366       if sqlcode < 0;                                                                                    000366   08/26/26
   367         writeMsg('Change failed: SQLCODE=' + %char(sqlcode));                                            000367   08/26/26
   368       else;                                                                                              000368   08/26/26
   369         writeMsg('Updated lot ' + %trim(elot) + '.');                                                    000369   08/26/26
   370       endif;                                                                                             000370   08/26/26
   371       holdMsg = *on;                                                                                     000371   08/26/26
   372     endif;                                                                                               000372   08/26/26
   373   endsr;                                                                                                 000373   08/26/26
   374                                                                                                          000374   08/26/26
   375   // ---------------------------------------------------------------------                               000375   08/26/26
   376   begsr deleteRow;                                                                                       000376   08/26/26
   377     exsr clearMsgs;                                                                                      000377   08/26/26
   378     exec sql                                                                                             000378   08/26/26
   379       delete from perpdemo.item_lot                                                                      000379   08/26/26
   380        where company_code = :compcd and item_number = :filter and lot_number = :slot;                    000380   08/26/26
   381     if sqlcode < 0;                                                                                      000381   08/26/26
   382       writeMsg('Delete failed: SQLSTATE=' + sqlstate);                                                   000382   08/26/26
   383     else;                                                                                                000383   08/26/26
   384       writeMsg('Deleted lot ' + %trim(slot) + '.');                                                      000384   08/26/26
   385     endif;                                                                                               000385   08/26/26
   386     holdMsg = *on;                                                                                       000386   08/26/26
   387   endsr;                                                                                                 000387   08/26/26
   388                                                                                                          000388   08/26/26
   389   // ---------------------------------------------------------------------                               000389   08/26/26
   390   // PERP-84: erecv/eexpd are typed by the user as MM/DD/YY on LTEDIT.                                   000390   08/26/26
   391   // Validate on every Enter; on failure, show the error in the message                                  000391   08/26/26
   392   // subfile alongside LTEDIT and let the user retry (never crash into                                   000392   08/26/26
 5770ST1 V7R5M0 220415            Create SQL ILE RPG Object         WRKLOTR                     08/26/26 16:51:50          Page     9
 Record  *...+... 1 ...+... 2 ...+... 3 ...+... 4 ...+... 5 ...+... 6 ...+... 7 ...+... 8 ...+... 9 ...+... 0   SEQNBR  Last change
   393   // the SQL date(:erecv) cast in addRow/changeRow with unparsed text).                                  000393   08/26/26
   394   // On success, erecv/eexpd are normalized to ISO ('yyyy-mm-dd') text so                                000394   08/26/26
   395   // the existing date(:erecv)/date(:eexpd) SQL casts in addRow/changeRow                                000395   08/26/26
   396   // keep working unchanged.                                                                             000396   08/26/26
   397   begsr editLoop;                                                                                        000397   08/26/26
   398     exsr clearMsgs;                                                                                      000398   08/26/26
   399     dow *on;                                                                                             000399   08/26/26
   400       if msgrrn > 0;                                                                                     000400   08/26/26
   401         *in40 = *on;                                                                                     000401   08/26/26
   402         write ltmsgctl;                                                                                  000402   08/26/26
   403       else;                                                                                              000403   08/26/26
   404         *in40 = *off;                                                                                    000404   08/26/26
   405       endif;                                                                                             000405   08/26/26
   406       exfmt ltedit;                                                                                      000406   08/26/26
   407                                                                                                          000407   08/26/26
   408       if *in12;                                                                                          000408   08/26/26
   409         leave;                                                                                           000409   08/26/26
   410       endif;                                                                                             000410   08/26/26
   411                                                                                                          000411   08/26/26
   412       exsr clearMsgs;                                                                                    000412   08/26/26
   413                                                                                                          000413   08/26/26
   414       if %trim(elot) = '';                                                                               000414   08/26/26
   415         writeMsg('Lot Number is required.');                                                             000415   08/26/26
   416         iter;                                                                                            000416   08/26/26
   417       endif;                                                                                             000417   08/26/26
   418                                                                                                          000418   08/26/26
   419       if %trim(erecv) = '';                                                                              000419   08/26/26
   420         writeMsg('Received Date is required (MM/DD/YY).');                                               000420   08/26/26
   421         iter;                                                                                            000421   08/26/26
   422       endif;                                                                                             000422   08/26/26
   423                                                                                                          000423   08/26/26
   424       validRecv = *on;                                                                                   000424   08/26/26
   425       monitor;                                                                                           000425   08/26/26
   426         parsedRecv = %date(%trim(erecv):*mdy);                                                           000426   08/26/26
   427       on-error;                                                                                          000427   08/26/26
   428         validRecv = *off;                                                                                000428   08/26/26
   429       endmon;                                                                                            000429   08/26/26
   430       if not validRecv;                                                                                  000430   08/26/26
   431         writeMsg('Invalid Received Date - enter as MM/DD/YY.');                                          000431   08/26/26
   432         iter;                                                                                            000432   08/26/26
   433       endif;                                                                                             000433   08/26/26
   434                                                                                                          000434   08/26/26
   435       validExpd = *on;                                                                                   000435   08/26/26
   436       if %trim(eexpd) <> '';                                                                             000436   08/26/26
   437         monitor;                                                                                         000437   08/26/26
   438           parsedExpd = %date(%trim(eexpd):*mdy);                                                         000438   08/26/26
   439         on-error;                                                                                        000439   08/26/26
   440           validExpd = *off;                                                                              000440   08/26/26
   441         endmon;                                                                                          000441   08/26/26
   442       endif;                                                                                             000442   08/26/26
   443       if not validExpd;                                                                                  000443   08/26/26
   444         writeMsg('Invalid Expiry Date - enter as MM/DD/YY, or blank for none.');                         000444   08/26/26
   445         iter;                                                                                            000445   08/26/26
   446       endif;                                                                                             000446   08/26/26
   447                                                                                                          000447   08/26/26
   448       erecv = %char(parsedRecv:*iso);                                                                    000448   08/26/26
 5770ST1 V7R5M0 220415            Create SQL ILE RPG Object         WRKLOTR                     08/26/26 16:51:50          Page    10
 Record  *...+... 1 ...+... 2 ...+... 3 ...+... 4 ...+... 5 ...+... 6 ...+... 7 ...+... 8 ...+... 9 ...+... 0   SEQNBR  Last change
   449       if %trim(eexpd) <> '';                                                                             000449   08/26/26
   450         eexpd = %char(parsedExpd:*iso);                                                                  000450   08/26/26
   451       endif;                                                                                             000451   08/26/26
   452                                                                                                          000452   08/26/26
   453       leave;                                                                                             000453   08/26/26
   454     enddo;                                                                                               000454   08/26/26
   455   endsr;                                                                                                 000455   08/26/26
   456                                                                                                          000456   08/26/26
   457   // ---------------------------------------------------------------------                               000457   08/26/26
   458   begsr clearMsgs;                                                                                       000458   08/26/26
   459     msgrrn = 0;                                                                                          000459   08/26/26
   460     *in41 = *on;                                                                                         000460   08/26/26
   461     write ltmsgctl;                                                                                      000461   08/26/26
   462     *in41 = *off;                                                                                        000462   08/26/26
   463   endsr;                                                                                                 000463   08/26/26
   464                                                                                                          000464   08/26/26
   465   // ---------------------------------------------------------------------                               000465   08/26/26
   466   dcl-proc writeMsg;                                                                                     000466   08/26/26
   467     dcl-pi *n;                                                                                           000467   08/26/26
   468       text varchar(256) const;                                                                           000468   08/26/26
   469     end-pi;                                                                                              000469   08/26/26
   470     dcl-s data char(256);                                                                                000470   08/26/26
   471     data = text;                                                                                         000471   08/26/26
   472     QMHSNDPM(                                                                                            000472   08/26/26
   473       'CPF9897' :                                                                                        000473   08/26/26
   474       'QCPFMSG   QSYS      ' :                                                                           000474   08/26/26
   475       data :                                                                                             000475   08/26/26
   476       %len(text) :                                                                                       000476   08/26/26
   477       '*INFO     ' :                                                                                     000477   08/26/26
   478       '*         ' :                                                                                     000478   08/26/26
   479       1 :                                                                                                000479   08/26/26
   480       smsgkey :                                                                                          000480   08/26/26
   481       x'0000000000000000');                                                                              000481   08/26/26
   482     msgrrn += 1;                                                                                         000482   08/26/26
   483     spgmq = statusDS.programName;                                                                        000483   08/26/26
   484     write ltmsgsfl;                                                                                      000484   08/26/26
   485   end-proc;                                                                                              000485   08/26/26
                                 * * * * *  E N D  O F  S O U R C E  * * * * *
 5770ST1 V7R5M0 220415            Create SQL ILE RPG Object         WRKLOTR                     08/26/26 16:51:50          Page    11
                                                CROSS REFERENCE
 Data Names                    Define    Reference
 AISLE                            229      VARCHAR(10) CCSID 37 COLUMN (NOT NULL) IN PERPDEMO.ITEM
 AISLE_CODE                       229      COLUMN FOR AISLE IN PERPDEMO.ITEM
 BAY                              229      VARCHAR(10) CCSID 37 COLUMN (NOT NULL) IN PERPDEMO.ITEM
 BAY_CODE                         229      COLUMN FOR BAY IN PERPDEMO.ITEM
 CALLITMPRMT                      48
 CLASS_CODE                       229      COLUMN FOR CLSCD IN PERPDEMO.ITEM
 CLSCD                            229      VARCHAR(10) CCSID 37 COLUMN (NOT NULL) IN PERPDEMO.ITEM
 COMPANY_CODE                     ****     COLUMN
                                           230 237 267 334 365 380
 COMPANY_CODE                     266      COLUMN FOR COMPCD IN PERPDEMO.ITEM_LOT
 COMPANY_CODE                     229      COLUMN FOR COMPCD IN PERPDEMO.ITEM
 COMPCD                           31       CHARACTER(3) IN LDADS
 COMPCD                           73       CHARACTER(3)
                                           230 237 267 335 365 380
 COMPCD                           266      CHARACTER(3) CCSID 37 COLUMN (NOT NULL) IN PERPDEMO.ITEM_LOT
 COMPCD                           229      CHARACTER(3) CCSID 37 COLUMN (NOT NULL) IN PERPDEMO.ITEM
 CREATED_AT                       266      COLUMN FOR CRTAT IN PERPDEMO.ITEM_LOT
 CREATED_AT                       229      COLUMN FOR CRTAT IN PERPDEMO.ITEM
 CREATED_BY                       266      COLUMN FOR CRTBY IN PERPDEMO.ITEM_LOT
 CREATED_BY                       229      COLUMN FOR CRTBY IN PERPDEMO.ITEM
 CRITICAL_LEVEL                   229      COLUMN FOR CRITLV IN PERPDEMO.ITEM
 CRITLV                           229      DECIMAL(15,4) COLUMN (NOT NULL) IN PERPDEMO.ITEM
 CRTAT                            266      TIMESTAMP(26) COLUMN (NOT NULL) IN PERPDEMO.ITEM_LOT
 CRTAT                            229      TIMESTAMP(26) COLUMN (NOT NULL) IN PERPDEMO.ITEM
 CRTBY                            266      VARCHAR(18) CCSID 37 COLUMN (NOT NULL) IN PERPDEMO.ITEM_LOT
 CRTBY                            229      VARCHAR(18) CCSID 37 COLUMN (NOT NULL) IN PERPDEMO.ITEM
 C1                               256      CURSOR
                                           269 276 283
 DATA                             470      CHARACTER(256) IN RPG PROCEDURE WRITEMSG
 EACTIVE                          28       CHARACTER(1)
 EEXPD                            28       CHARACTER(10)
 5770ST1 V7R5M0 220415            Create SQL ILE RPG Object         WRKLOTR                     08/26/26 16:51:50          Page    12
                                                CROSS REFERENCE
                                           336 336 362 362
 ELOT                             28       CHARACTER(20)
                                           335 365
 EMODE                            28       CHARACTER(1)
 EQTY                             28       DECIMAL(15,4)
                                           335 360
 ERECV                            28       CHARACTER(10)
                                           335 361
 EXPD                             61       VARCHAR(10) IN LTROW
 EXPD                             64       VARCHAR(10) IN ROWS
 EXPDT                            266      DATE(10) COLUMN IN PERPDEMO.ITEM_LOT
 EXPIRY_DATE                      ****     COLUMN
                                           261 262 263 264 334 362
 EXPIRY_DATE                      266      COLUMN FOR EXPDT IN PERPDEMO.ITEM_LOT
 FILTER                           72       VARCHAR(25)
                                           230 237 267 335 365 380
 HOLDMSG                          77       CHARACTER(1)
 I                                66       INTEGER PRECISION(9,0)
 INVENTORY_UOM                    229      COLUMN FOR INVUOM IN PERPDEMO.ITEM
 INVUOM                           229      VARCHAR(5) CCSID 37 COLUMN (NOT NULL) IN PERPDEMO.ITEM
 IS_ACTIVE                        266      COLUMN FOR ISACT IN PERPDEMO.ITEM_LOT
 IS_ACTIVE                        229      COLUMN FOR ISACT IN PERPDEMO.ITEM
 ISACT                            266      CHARACTER(1) CCSID 37 COLUMN (NOT NULL) IN PERPDEMO.ITEM_LOT
 ISACT                            229      CHARACTER(1) CCSID 37 COLUMN (NOT NULL) IN PERPDEMO.ITEM
 ISO                              ****     COLUMN
                                           258 259 260 262 263 264
 ITEM                             ****     TABLE IN PERPDEMO
                                           229
 ITEM_DESCRIPTION                 229      COLUMN FOR ITMDSC IN PERPDEMO.ITEM
 ITEM_LOT                         ****     TABLE IN PERPDEMO
                                           236 266 333 359 379
 ITEM_NUMBER                      ****     COLUMN
                                           230 237 267 334 365 380
 ITEM_NUMBER                      266      COLUMN FOR ITMNBR IN PERPDEMO.ITEM_LOT
 ITEM_NUMBER                      229      COLUMN FOR ITMNBR IN PERPDEMO.ITEM
 ITEMOH                           74       DECIMAL(15,4)
                                           228
 ITMDSC                           229      VARCHAR(60) CCSID 37 COLUMN (NOT NULL) IN PERPDEMO.ITEM
 ITMNBR                           266      VARCHAR(25) CCSID 37 COLUMN (NOT NULL) IN PERPDEMO.ITEM_LOT
 5770ST1 V7R5M0 220415            Create SQL ILE RPG Object         WRKLOTR                     08/26/26 16:51:50          Page    13
                                                CROSS REFERENCE
 ITMNBR                           229      VARCHAR(25) CCSID 37 COLUMN (NOT NULL) IN PERPDEMO.ITEM
 LDADS                            30       STRUCTURE
 LEAD_TIME_DAYS                   229      COLUMN FOR LEADTM IN PERPDEMO.ITEM
 LEADTM                           229      INTEGER PRECISION(9,0) COLUMN (NOT NULL) IN PERPDEMO.ITEM
 LOT                              58       VARCHAR(20) IN LTROW
 LOT                              64       VARCHAR(20) IN ROWS
 LOT_CONTROLLED                   229      COLUMN FOR LOTCTL IN PERPDEMO.ITEM
 LOT_NUMBER                       ****     COLUMN
                                           257 268 334 365 380
 LOT_NUMBER                       266      COLUMN FOR LOTNBR IN PERPDEMO.ITEM_LOT
 LOTCTL                           229      CHARACTER(1) CCSID 37 COLUMN (NOT NULL) IN PERPDEMO.ITEM
 LOTNBR                           266      VARCHAR(20) CCSID 37 COLUMN (NOT NULL) IN PERPDEMO.ITEM_LOT
 LOTTOTAL                         75       DECIMAL(15,4)
                                           235
 LTROW                            57       STRUCTURE
                                           276
 MAX_QTY                          229      COLUMN FOR MAXQTY IN PERPDEMO.ITEM
 MAXQTY                           229      DECIMAL(15,4) COLUMN (NOT NULL) IN PERPDEMO.ITEM
 MIN_QTY                          229      COLUMN FOR MINQTY IN PERPDEMO.ITEM
 MINQTY                           229      DECIMAL(15,4) COLUMN (NOT NULL) IN PERPDEMO.ITEM
 MSGKEY                           69       CHARACTER(4)
 MSGRRN                           68       INTEGER PRECISION(9,0)
 NUMROWS                          65       INTEGER PRECISION(9,0)
 PARSEDEXPD                       86       DATE(8)
 PARSEDRECV                       85       DATE(8)
 PCOMPCD                          24       CHARACTER(3) CONSTANT
 PERPDEMO                         ****     SCHEMA
                                           229 236 266 333 359 379
 PITEM                            25       VARCHAR(25) CONSTANT
 PROGRAMNAME                      54       CHARACTER(10) IN STATUSDS
 PROMPTITEM                       76       VARCHAR(25)
 QMHSNDPM                         34
 5770ST1 V7R5M0 220415            Create SQL ILE RPG Object         WRKLOTR                     08/26/26 16:51:50          Page    14
                                                CROSS REFERENCE
 QTY                              59       DECIMAL(15,4) IN LTROW
 QTY                              64       DECIMAL(15,4) IN ROWS
 QTY_AVAILABLE                    229      COLUMN FOR QTYAVL IN PERPDEMO.ITEM
 QTY_FROZEN                       229      COLUMN FOR QTYFRZ IN PERPDEMO.ITEM
 QTY_ON_HAND                      ****     COLUMN
                                           228 235 257 334 360
 QTY_ON_HAND                      266      COLUMN FOR QTYOH IN PERPDEMO.ITEM_LOT
 QTY_ON_HAND                      229      COLUMN FOR QTYOH IN PERPDEMO.ITEM
 QTY_ON_ORDER                     229      COLUMN FOR QTYOO IN PERPDEMO.ITEM
 QTYAVL                           229      DECIMAL(15,4) COLUMN (NOT NULL) IN PERPDEMO.ITEM
 QTYFRZ                           229      DECIMAL(15,4) COLUMN (NOT NULL) IN PERPDEMO.ITEM
 QTYOH                            266      DECIMAL(15,4) COLUMN (NOT NULL) IN PERPDEMO.ITEM_LOT
 QTYOH                            229      DECIMAL(15,4) COLUMN (NOT NULL) IN PERPDEMO.ITEM
 QTYOO                            229      DECIMAL(15,4) COLUMN (NOT NULL) IN PERPDEMO.ITEM
 RCVDT                            266      DATE(10) COLUMN (NOT NULL) IN PERPDEMO.ITEM_LOT
 RECEIVED_DATE                    ****     COLUMN
                                           258 259 260 334 361
 RECEIVED_DATE                    266      COLUMN FOR RCVDT IN PERPDEMO.ITEM_LOT
 RECV                             60       VARCHAR(10) IN LTROW
 RECV                             64       VARCHAR(10) IN ROWS
 REORDER_POINT                    229      COLUMN FOR RORDPT IN PERPDEMO.ITEM
 RORDPT                           229      DECIMAL(15,4) COLUMN (NOT NULL) IN PERPDEMO.ITEM
 ROWS                             64       ARRAY(500) STRUCTURE
 RRN                              67       INTEGER PRECISION(9,0)
 SAFETY_STOCK                     229      COLUMN FOR SAFSTK IN PERPDEMO.ITEM
 SAFSTK                           229      DECIMAL(15,4) COLUMN (NOT NULL) IN PERPDEMO.ITEM
 SCOMPDSP                         28       CHARACTER(3)
 SELOPT                           71       CHARACTER(1)
 SELRRN                           70       INTEGER PRECISION(9,0)
 SEXPD                            28       CHARACTER(10)
 5770ST1 V7R5M0 220415            Create SQL ILE RPG Object         WRKLOTR                     08/26/26 16:51:50          Page    15
                                                CROSS REFERENCE
 SFITEM                           28       CHARACTER(25)
 SHELF                            229      VARCHAR(10) CCSID 37 COLUMN (NOT NULL) IN PERPDEMO.ITEM
 SHELF_CODE                       229      COLUMN FOR SHELF IN PERPDEMO.ITEM
 SHORT_DESCRIPTION                229      COLUMN FOR SHTDSC IN PERPDEMO.ITEM
 SHTDSC                           229      VARCHAR(20) CCSID 37 COLUMN (NOT NULL) IN PERPDEMO.ITEM
 SIOH                             28       DECIMAL(15,4)
 SLOT                             28       CHARACTER(20)
                                           380
 SLOTTOT                          28       DECIMAL(15,4)
 SMSGKEY                          28       CHARACTER(4)
 SOPT                             28       CHARACTER(1)
 SPGMQ                            28       CHARACTER(10)
 SQTY                             28       DECIMAL(15,4)
 SRECV                            28       CHARACTER(10)
 STATUSDS                         53       STRUCTURE
 STKUOM                           229      VARCHAR(5) CCSID 37 COLUMN (NOT NULL) IN PERPDEMO.ITEM
 STOCKING_UOM                     229      COLUMN FOR STKUOM IN PERPDEMO.ITEM
 TEXT                             468      VARCHAR(256) CONSTANT IN RPG PROCEDURE WRITEMSG
 UPDAT                            266      TIMESTAMP(26) COLUMN (NOT NULL) IN PERPDEMO.ITEM_LOT
 UPDAT                            229      TIMESTAMP(26) COLUMN (NOT NULL) IN PERPDEMO.ITEM
 UPDATED_AT                       266      COLUMN FOR UPDAT IN PERPDEMO.ITEM_LOT
 UPDATED_AT                       229      COLUMN FOR UPDAT IN PERPDEMO.ITEM
 UPDATED_AT                       ****     COLUMN
                                           363
 UPDATED_BY                       266      COLUMN FOR UPDBY IN PERPDEMO.ITEM_LOT
 UPDATED_BY                       229      COLUMN FOR UPDBY IN PERPDEMO.ITEM
 UPDATED_BY                       ****     COLUMN
                                           364
 UPDBY                            266      VARCHAR(18) CCSID 37 COLUMN (NOT NULL) IN PERPDEMO.ITEM_LOT
 UPDBY                            229      VARCHAR(18) CCSID 37 COLUMN (NOT NULL) IN PERPDEMO.ITEM
 VALIDEXPD                        88       CHARACTER(1)
 5770ST1 V7R5M0 220415            Create SQL ILE RPG Object         WRKLOTR                     08/26/26 16:51:50          Page    16
                                                CROSS REFERENCE
 VALIDRECV                        87       CHARACTER(1)
 WRITEMSG                         466      RPG PROCEDURE
 No errors found in source
   485 Source records processed
                                * * * * *  E N D  O F  L I S T I N G  * * * * *
  5770WDS V7R5M0  220415 RN        IBM ILE RPG             PERPDEMO/WRKLOTR         IDEV       08/26/26 16:51:50        Page      1
   Command  . . . . . . . . . . . . :   CRTBNDRPG
     Issued by  . . . . . . . . . . :     AIDEMO
   Program  . . . . . . . . . . . . :   WRKLOTR
     Library  . . . . . . . . . . . :     PERPDEMO
   Text 'description' . . . . . . . :   *SRCMBRTXT
   Source stream file   . . . . . . :   /QSYS.LIB/QTEMP.LIB/QSQLTEMP1.FILE/WRKLOTR.MBR
     CCSID  . . . . . . . . . . . . :     37
   Target CCSID . . . . . . . . . . :   *JOB (37)
   Text 'description' . . . . . . . :
   Last Change  . . . . . . . . . . :   08/26/26  16:51:50
   Generation severity level  . . . :   10
   Default activation group . . . . :   *YES
   Compiler options . . . . . . . . :   *XREF      *GEN       *NOSECLVL  *SHOWCPY
                                        *EXPDDS    *EXT       *NOSHOWSKP *NOSRCSTMT
                                        *DEBUGIO   *UNREF     *NOEVENTF
   Debugging views  . . . . . . . . :   *ALL
   Debug encryption key . . . . . . :   *NONE
   Output . . . . . . . . . . . . . :   *PRINT
   Optimization level . . . . . . . :   *NONE
   Source listing indentation . . . :   *NONE
   Type conversion options  . . . . :   *NONE
   Sort sequence  . . . . . . . . . :   *JOB
   Language identifier  . . . . . . :   *JOB
   Replace program  . . . . . . . . :   *YES
   User profile . . . . . . . . . . :   *USER
   Authority  . . . . . . . . . . . :   *LIBCRTAUT
   Truncate numeric . . . . . . . . :   *YES
   Fix numeric  . . . . . . . . . . :   *NONE
   Target release . . . . . . . . . :   V7R4M0
   Allow null values  . . . . . . . :   *NO
   Define condition names . . . . . :   *NONE
   Enable performance collection  . :   *PEP
   Profiling data . . . . . . . . . :   *NOCOL
   Licensed Internal Code options . :
   Generate program interface . . . :   *NO
   Include directory  . . . . . . . :   .
   Preprocessor options . . . . . . :   *NONE
   Require prototype for export . . :   *NO
  5770WDS V7R5M0  220415 RN        IBM ILE RPG             PERPDEMO/WRKLOTR         IDEV       08/26/26 16:51:50        Page      2
 Line   <---------------------- Source Specifications ----------------------------------------------------->  Do  Change Src Seq
 Number ....+....1....+....2....+....3....+....4....+....5....+....6....+....7....+....8....+....9....+...10  Num Date   Id  Number
                           S o u r c e   L i s t i n g
      1 **free                                                                                                               000001
      2                                                                                                                      000002
      3 // ---------------------------------------------------------------------                                             000003
      4 // Program: wrklotr  (Work with Item Lots)                                                                           000004
      5 // Purpose: DSPF-based CRUD for item_lot, scoped by the company selected                                             000005
      6 //          via perpselr (*LDA positions 1-3) and an item number entered                                             000006
      7 //          on screen (same scoping idiom as wrkcnvr). Shows item.on_hand                                            000007
      8 //          alongside SUM(item_lot.qty_on_hand) and flags a discrepancy                                              000008
      9 //          -- the entry point for the reconciliation demo (Option C:                                                000009
     10 //          balances denormalized on both item and item_lot by design).                                              000010
     11 //          Callable standalone or pre-scoped by passing company/item                                                000011
     12 //          (mirrors wrkcnvr's PERP-23 integration).                                                                 000012
     13 // Epic:    PERP-3 (PERP-24)                                                                                         000013
     14 // ---------------------------------------------------------------------                                             000014
     15                                                                                                                      000015
     16 // PERP-84: datfmt(*iso) is required now that this program declares                                                  000016
     17 // Date-typed variables (parsedRecv/parsedExpd below) to validate the                                                000017
     18 // MM/DD/YY Received/Expiry Date entry fields. Without this override the                                             000018
     19 // job's *MDY (1940-2039) DATFMT becomes the Date variables' storage                                                 000019
     20 // format, per perp/AGENTS.md's RNQ0114 gotcha.                                                                      000020
     21 ctl-opt dftactgrp(*no) actgrp(*new) datfmt(*iso);                                                                    000021
     22                                                                                                                      000022
         *--------------------------------------------------------------------*
         * Compiler Options in Effect:                                        *
         *--------------------------------------------------------------------*
         *  Text 'description' . . . . . . . :                                *
         *  Generation severity level  . . . :   10                           *
         *  Default activation group . . . . :   *NO                          *
         *  Compiler options . . . . . . . . :   *XREF      *GEN              *
         *                                       *NOSECLVL  *SHOWCPY          *
         *                                       *EXPDDS    *EXT              *
         *                                       *NOSHOWSKP *NOSRCSTMT        *
         *                                       *DEBUGIO   *UNREF            *
         *                                       *NOEVENTF                    *
         *  Optimization level . . . . . . . :   *NONE                        *
         *  Source listing indentation . . . :   *NONE                        *
         *  Type conversion options  . . . . :   *NONE                        *
         *  Sort sequence  . . . . . . . . . :   *JOB                         *
         *  Language identifier  . . . . . . :   *JOB                         *
         *  User profile . . . . . . . . . . :   *USER                        *
         *  Authority  . . . . . . . . . . . :   *LIBCRTAUT                   *
         *  Truncate numeric . . . . . . . . :   *YES                         *
         *  Fix numeric  . . . . . . . . . . :   *NONE                        *
         *  Allow null values  . . . . . . . :   *NO                          *
         *  Storage model . . .  . . . . . . :   *SNGLVL                      *
         *  Binding directory from Command . :   *NONE                        *
         *  Binding directory from Source  . :   *NONE                        *
         *  Activation group . . . . . . . . :   *NEW                         *
         *  Enable performance collection  . :   *PEP                         *
         *  Profiling data . . . . . . . . . :   *NOCOL                       *
         *  Generate program interface . . . :   *NO                          *
         *  REQUIRE PROTOTYPE FOR EXPORT . . :   *NO                          *
  5770WDS V7R5M0  220415 RN        IBM ILE RPG             PERPDEMO/WRKLOTR         IDEV       08/26/26 16:51:50        Page      3
 Line   <---------------------- Source Specifications ----------------------------------------------------->  Do  Change Src Seq
 Number ....+....1....+....2....+....3....+....4....+....5....+....6....+....7....+....8....+....9....+...10  Num Date   Id  Number
         *--------------------------------------------------------------------*
     23 dcl-pi *n;                                                                                                           000023
     24   pCompcd char(3)      const options(*nopass);                                                                       000024
     25   pItem   varchar(25)  const options(*nopass);                                                                       000025
     26 end-pi;                                                                                                              000026
     27                                                                                                                      000027
     28 dcl-f wrklotd workstn sfile(ltsfl:rrn) sfile(ltmsgsfl:msgrrn);                                                       000028
         *--------------------------------------------------------------------------------------------*
         *                               RPG name         External name                               *
         * File name. . . . . . . . . :  WRKLOTD          PERPDEMO/WRKLOTD                            *
         * Record format(s) . . . . . :  LTSFL            LTSFL                                       *
         *                               LTCTL            LTCTL                                       *
         *                               LTFOOT           LTFOOT                                      *
         *                               LTNONE           LTNONE                                      *
         *                               LTNOITEM         LTNOITEM                                    *
         *                               LTEDIT           LTEDIT                                      *
         *                               LTMSGSFL         LTMSGSFL                                    *
         *                               LTMSGCTL         LTMSGCTL                                    *
         *--------------------------------------------------------------------------------------------*
     29                                                                                                                      000029
     30 dcl-ds ldaDS dtaara(*lda) len(1024) qualified;                                                                       000030
     31   compcd char(3) pos(1);                                                                                             000031
     32 end-ds;                                                                                                              000032
     33                                                                                                                      000033
     34 dcl-pr QMHSNDPM extpgm;                                                                                              000034
     35   msgId       char(7)   const;                                                                                       000035
     36   msgF        char(20)  const;                                                                                       000036
     37   msgData     char(256) const;                                                                                       000037
     38   msgDataLen  int(10)   const;                                                                                       000038
     39   msgType     char(10)  const;                                                                                       000039
     40   stackEntry  char(10)  const;                                                                                       000040
     41   stackCntr   int(10)   const;                                                                                       000041
     42   msgKey      char(4);                                                                                               000042
     43   errorCode   char(8)   const;                                                                                       000043
     44 end-pr;                                                                                                              000044
     45                                                                                                                      000045
     46 // Standard, reusable Item Number prompt (PERP-51/PERP-56). Same dynamic                                             000046
     47 // CALL idiom as wrkitmr's callWrkcnvr/callWrklotr.                                                                  000047
     48 dcl-pr callItmprmt extpgm('ITMPRMT');                                                                                000048
     49   pCompcd char(3)     const;                                                                                         000049
     50   pItem   varchar(25);                                                                                               000050
     51 end-pr;                                                                                                              000051
     52                                                                                                                      000052
     53 dcl-ds statusDS psds qualified;                                                                                      000053
     54   programName char(10) pos(334);                                                                                     000054
     55 end-ds;                                                                                                              000055
     56                                                                                                                      000056
     57 dcl-ds ltRow qualified;                                                                                              000057
     58   lot     varchar(20);                                                                                               000058
     59   qty     packed(15:4);                                                                                              000059
  5770WDS V7R5M0  220415 RN        IBM ILE RPG             PERPDEMO/WRKLOTR         IDEV       08/26/26 16:51:50        Page      4
 Line   <---------------------- Source Specifications ----------------------------------------------------->  Do  Change Src Seq
 Number ....+....1....+....2....+....3....+....4....+....5....+....6....+....7....+....8....+....9....+...10  Num Date   Id  Number
     60   recv    varchar(10);                                                                                               000060
     61   expd    varchar(10);                                                                                               000061
     62 end-ds;                                                                                                              000062
     63                                                                                                                      000063
     64 dcl-ds rows likeds(ltRow) dim(500);                                                                                  000064
     65 dcl-s numRows  int(10);                                                                                              000065
     66 dcl-s i        int(10);                                                                                              000066
     67 dcl-s rrn      int(10);                                                                                              000067
     68 dcl-s msgrrn   int(10);                                                                                              000068
     69 dcl-s msgkey   char(4);                                                                                              000069
     70 dcl-s selRrn   int(10);                                                                                              000070
     71 dcl-s selOpt   char(1);                                                                                              000071
     72 dcl-s filter   varchar(25);                                                                                          000072
     73 dcl-s compcd   char(3);                                                                                              000073
     74 dcl-s itemOh   packed(15:4);                                                                                         000074
     75 dcl-s lotTotal packed(15:4);                                                                                         000075
     76 dcl-s promptItem varchar(25);                                                                                        000076
     77 dcl-s holdMsg    ind;                                                                                                000077
     78                                                                                                                      000078
     79 // PERP-84: MM/DD/YY entry validation for ERECV/EEXPD (see editLoop).                                                000079
     80 // parsedRecv/parsedExpd are Date-typed working vars used only to                                                    000080
     81 // validate/reformat the typed text -- they are never bound directly to                                              000081
     82 // an SQL host variable (erecv/eexpd stay char(10) for that), so the                                                 000082
     83 // SQL-precompiler-intermediate-host-variable *MDY cap documented in                                                 000083
     84 // perp/AGENTS.md #13 does not come into play here.                                                                  000084
     85 dcl-s parsedRecv date;                                                                                               000085
     86 dcl-s parsedExpd date;                                                                                               000086
     87 dcl-s validRecv  ind;                                                                                                000087
     88 dcl-s validExpd  ind;                                                                                                000088
     89                                                                                                                      000089
     90        /SET CCSID(*CHAR:*JOBRUNMIX)                                                                                  000090
     91        // SQL COMMUNICATION AREA                                                //SQL                                000091
     92        DCL-DS SQLCA;                                                            //SQL                                000092
     93          SQLCAID CHAR(8) INZ(X'0000000000000000');                              //SQL                                000093
     94           SQLAID CHAR(8) OVERLAY(SQLCAID);                                      //SQL                                000094
     95          SQLCABC INT(10);                                                       //SQL                                000095
     96           SQLABC BINDEC(9) OVERLAY(SQLCABC);                                    //SQL                                000096
     97          SQLCODE INT(10);                                                       //SQL                                000097
     98           SQLCOD BINDEC(9) OVERLAY(SQLCODE);                                    //SQL                                000098
     99          SQLERRML INT(5);                                                       //SQL                                000099
    100           SQLERL BINDEC(4) OVERLAY(SQLERRML);                                   //SQL                                000100
    101          SQLERRMC CHAR(70);                                                     //SQL                                000101
    102           SQLERM CHAR(70) OVERLAY(SQLERRMC);                                    //SQL                                000102
    103          SQLERRP CHAR(8);                                                       //SQL                                000103
    104           SQLERP CHAR(8) OVERLAY(SQLERRP);                                      //SQL                                000104
    105          SQLERR CHAR(24);                                                       //SQL                                000105
    106           SQLER1 BINDEC(9) OVERLAY(SQLERR:*NEXT);                               //SQL                                000106
    107           SQLER2 BINDEC(9) OVERLAY(SQLERR:*NEXT);                               //SQL                                000107
    108           SQLER3 BINDEC(9) OVERLAY(SQLERR:*NEXT);                               //SQL                                000108
    109           SQLER4 BINDEC(9) OVERLAY(SQLERR:*NEXT);                               //SQL                                000109
    110           SQLER5 BINDEC(9) OVERLAY(SQLERR:*NEXT);                               //SQL                                000110
    111           SQLER6 BINDEC(9) OVERLAY(SQLERR:*NEXT);                               //SQL                                000111
    112           SQLERRD INT(10) DIM(6) OVERLAY(SQLERR);                               //SQL                                000112
    113          SQLWRN CHAR(11);                                                       //SQL                                000113
    114           SQLWN0 CHAR(1) OVERLAY(SQLWRN:*NEXT);                                 //SQL                                000114
    115           SQLWN1 CHAR(1) OVERLAY(SQLWRN:*NEXT);                                 //SQL                                000115
  5770WDS V7R5M0  220415 RN        IBM ILE RPG             PERPDEMO/WRKLOTR         IDEV       08/26/26 16:51:50        Page      5
 Line   <---------------------- Source Specifications ----------------------------------------------------->  Do  Change Src Seq
 Number ....+....1....+....2....+....3....+....4....+....5....+....6....+....7....+....8....+....9....+...10  Num Date   Id  Number
    116           SQLWN2 CHAR(1) OVERLAY(SQLWRN:*NEXT);                                 //SQL                                000116
    117           SQLWN3 CHAR(1) OVERLAY(SQLWRN:*NEXT);                                 //SQL                                000117
    118           SQLWN4 CHAR(1) OVERLAY(SQLWRN:*NEXT);                                 //SQL                                000118
    119           SQLWN5 CHAR(1) OVERLAY(SQLWRN:*NEXT);                                 //SQL                                000119
    120           SQLWN6 CHAR(1) OVERLAY(SQLWRN:*NEXT);                                 //SQL                                000120
    121           SQLWN7 CHAR(1) OVERLAY(SQLWRN:*NEXT);                                 //SQL                                000121
    122           SQLWN8 CHAR(1) OVERLAY(SQLWRN:*NEXT);                                 //SQL                                000122
    123           SQLWN9 CHAR(1) OVERLAY(SQLWRN:*NEXT);                                 //SQL                                000123
    124           SQLWNA CHAR(1) OVERLAY(SQLWRN:*NEXT);                                 //SQL                                000124
    125           SQLWARN CHAR(1) DIM(11) OVERLAY(SQLWRN);                              //SQL                                000125
    126          SQLSTATE CHAR(5);                                                      //SQL                                000126
    127           SQLSTT CHAR(5) OVERLAY(SQLSTATE);                                     //SQL                                000127
    128        END-DS SQLCA;                                                            //SQL                                000128
    129        DCL-PR SQLROUTE_CALL EXTPGM(SQLROUTE);                                   //SQL                                000129
    130          CA LIKEDS(SQLCA);                                                      //SQL                                000130
    131          *N BINDEC(4) OPTIONS(*NOPASS);                                         //SQL                                000131
    132          *N CHAR(1) OPTIONS(*NOPASS);                                           //SQL                                000132
    133        END-PR SQLROUTE_CALL;                                                    //SQL                                000133
    134        DCL-PR SQLOPEN_CALL EXTPGM(SQLOPEN);                                     //SQL                                000134
    135          CA LIKEDS(SQLCA);                                                      //SQL                                000135
    136          *N BINDEC(4);                                                          //SQL                                000136
    137        END-PR SQLOPEN_CALL;                                                     //SQL                                000137
    138        DCL-PR SQLCLSE_CALL EXTPGM(SQLCLSE);                                     //SQL                                000138
    139          CA LIKEDS(SQLCA);                                                      //SQL                                000139
    140          *N BINDEC(4);                                                          //SQL                                000140
    141        END-PR SQLCLSE_CALL;                                                     //SQL                                000141
    142        DCL-PR SQLCMIT_CALL EXTPGM(SQLCMIT);                                     //SQL                                000142
    143          CA LIKEDS(SQLCA);                                                      //SQL                                000143
    144          *N BINDEC(4);                                                          //SQL                                000144
    145        END-PR SQLCMIT_CALL;                                                     //SQL                                000145
    146        /RESTORE CCSID(*CHAR)                                                                                         000146
    147        DCL-C SQLROUTE CONST('QSYS/QSQROUTE');                                   //SQL                                000147
    148        DCL-C SQLOPEN CONST('QSYS/QSQROUTE');                                    //SQL                                000148
    149        DCL-C SQLCLSE CONST('QSYS/QSQLCLSE');                                    //SQL                                000149
    150        DCL-C SQLCMIT CONST('QSYS/QSQLCMIT');                                    //SQL                                000150
    151        DCL-C SQFRD CONST(2);                                                    //SQL                                000151
    152        DCL-C SQFCRT CONST(8);                                                   //SQL                                000152
    153        DCL-C SQFOVR CONST(16);                                                  //SQL                                000153
    154        DCL-C SQFAPP CONST(32);                                                  //SQL                                000154
    155 **END-FREE                                                                                                           000155
 Line   <---------------------- Source Specifications ----------------------------><---- Comments ----> Do  Page  Change Src Seq
 Number ....1....+....2....+....3....+....4....+....5....+....6....+....7....+....8....+....9....+...10 Num Line  Date   Id  Number
    156 D                 DS                                                       SELECT                                    000156
    157 D  SQL_00000              1      2B 0 INZ(128)                             length of header                          000157
    158 D  SQL_00001              3      4B 0 INZ(2)                               statement number                          000158
    159 D  SQL_00002              5      8U 0 INZ(0)                               invocation mark                           000159
    160 D  SQL_00003              9      9A   INZ('0') CCSID(*JOBRUNMIX)           data is okay                              000160
    161 D  SQL_00004             10    128A   CCSID(*JOBRUNMIX)                    end of header                             000161
    162 D  SQL_00005            129    131A   CCSID(*JOBRUNMIX)                    COMPCD                                    000162
    163 D  SQL_00006            132    158A   VARYING CCSID(*JOBRUNMIX)            FILTER                                    000163
    164 D  SQL_00007            159    166P 4                                      ITEMOH                                    000164
  5770WDS V7R5M0  220415 RN        IBM ILE RPG             PERPDEMO/WRKLOTR         IDEV       08/26/26 16:51:50        Page      6
 Line   <---------------------- Source Specifications ----------------------------------------------------->  Do  Change Src Seq
 Number ....+....1....+....2....+....3....+....4....+....5....+....6....+....7....+....8....+....9....+...10  Num Date   Id  Number
    165 **FREE                                                                                                               000165
    166 **END-FREE                                                                                                           000166
 Line   <---------------------- Source Specifications ----------------------------><---- Comments ----> Do  Page  Change Src Seq
 Number ....1....+....2....+....3....+....4....+....5....+....6....+....7....+....8....+....9....+...10 Num Line  Date   Id  Number
    167 D                 DS                                                       SELECT                                    000167
    168 D  SQL_00008              1      2B 0 INZ(128)                             length of header                          000168
    169 D  SQL_00009              3      4B 0 INZ(3)                               statement number                          000169
    170 D  SQL_00010              5      8U 0 INZ(0)                               invocation mark                           000170
    171 D  SQL_00011              9      9A   INZ('0') CCSID(*JOBRUNMIX)           data is okay                              000171
    172 D  SQL_00012             10    128A   CCSID(*JOBRUNMIX)                    end of header                             000172
    173 D  SQL_00013            129    131A   CCSID(*JOBRUNMIX)                    COMPCD                                    000173
    174 D  SQL_00014            132    158A   VARYING CCSID(*JOBRUNMIX)            FILTER                                    000174
    175 D  SQL_00015            159    166P 4                                      LOTTOTAL                                  000175
 Line   <---------------------- Source Specifications ----------------------------------------------------->  Do  Change Src Seq
 Number ....+....1....+....2....+....3....+....4....+....5....+....6....+....7....+....8....+....9....+...10  Num Date   Id  Number
    176 **FREE                                                                                                               000176
    177 **END-FREE                                                                                                           000177
 Line   <---------------------- Source Specifications ----------------------------><---- Comments ----> Do  Page  Change Src Seq
 Number ....1....+....2....+....3....+....4....+....5....+....6....+....7....+....8....+....9....+...10 Num Line  Date   Id  Number
    178 D                 DS                                                       OPEN                                      000178
    179 D  SQL_00016              1      2B 0 INZ(128)                             length of header                          000179
    180 D  SQL_00017              3      4B 0 INZ(4)                               statement number                          000180
    181 D  SQL_00018              5      8U 0 INZ(0)                               invocation mark                           000181
    182 D  SQL_00019              9      9A   INZ('0') CCSID(*JOBRUNMIX)           data is okay                              000182
    183 D  SQL_00020             10    128A   CCSID(*JOBRUNMIX)                    end of header                             000183
    184 D  SQL_00021            129    131A   CCSID(*JOBRUNMIX)                    COMPCD                                    000184
    185 D  SQL_00022            132    158A   VARYING CCSID(*JOBRUNMIX)            FILTER                                    000185
 Line   <---------------------- Source Specifications ----------------------------------------------------->  Do  Change Src Seq
 Number ....+....1....+....2....+....3....+....4....+....5....+....6....+....7....+....8....+....9....+...10  Num Date   Id  Number
    186 **FREE                                                                                                               000186
    187 **END-FREE                                                                                                           000187
 Line   <---------------------- Source Specifications ----------------------------><---- Comments ----> Do  Page  Change Src Seq
 Number ....1....+....2....+....3....+....4....+....5....+....6....+....7....+....8....+....9....+...10 Num Line  Date   Id  Number
    188 D                 DS                                                       FETCH                                     000188
    189 D  SQL_00023              1      2B 0 INZ(128)                             length of header                          000189
    190 D  SQL_00024              3      4B 0 INZ(5)                               statement number                          000190
    191 D  SQL_00025              5      8U 0 INZ(0)                               invocation mark                           000191
    192 D  SQL_00026              9      9A   INZ('0') CCSID(*JOBRUNMIX)           data is okay                              000192
    193 D  SQL_00027             10    128A   CCSID(*JOBRUNMIX)                    end of header                             000193
    194 D  SQL_00028            129    150A   VARYING CCSID(*JOBRUNMIX)            LTROW.LOT                                 000194
    195 D  SQL_00029            151    158P 4                                      LTROW.QTY                                 000195
    196 D  SQL_00030            159    170A   VARYING CCSID(*JOBRUNMIX)            LTROW.RECV                                000196
    197 D  SQL_00031            171    182A   VARYING CCSID(*JOBRUNMIX)            LTROW.EXPD                                000197
  5770WDS V7R5M0  220415 RN        IBM ILE RPG             PERPDEMO/WRKLOTR         IDEV       08/26/26 16:51:50        Page      7
 Line   <---------------------- Source Specifications ----------------------------------------------------->  Do  Change Src Seq
 Number ....+....1....+....2....+....3....+....4....+....5....+....6....+....7....+....8....+....9....+...10  Num Date   Id  Number
    198 **FREE                                                                                                               000198
    199 **END-FREE                                                                                                           000199
 Line   <---------------------- Source Specifications ----------------------------><---- Comments ----> Do  Page  Change Src Seq
 Number ....1....+....2....+....3....+....4....+....5....+....6....+....7....+....8....+....9....+...10 Num Line  Date   Id  Number
    200 D                 DS                                                       CLOSE                                     000200
    201 D  SQL_00032              1      2B 0 INZ(128)                             length of header                          000201
    202 D  SQL_00033              3      4B 0 INZ(6)                               statement number                          000202
    203 D  SQL_00034              5      8U 0 INZ(0)                               invocation mark                           000203
    204 D  SQL_00035              9      9A   INZ('0') CCSID(*JOBRUNMIX)           data is okay                              000204
    205 D  SQL_00036             10    127A   CCSID(*JOBRUNMIX)                    end of header                             000205
    206 D  SQL_00037            128    128A   CCSID(*JOBRUNMIX)                    end of header                             000206
 Line   <---------------------- Source Specifications ----------------------------------------------------->  Do  Change Src Seq
 Number ....+....1....+....2....+....3....+....4....+....5....+....6....+....7....+....8....+....9....+...10  Num Date   Id  Number
    207 **FREE                                                                                                               000207
    208 **END-FREE                                                                                                           000208
 Line   <---------------------- Source Specifications ----------------------------><---- Comments ----> Do  Page  Change Src Seq
 Number ....1....+....2....+....3....+....4....+....5....+....6....+....7....+....8....+....9....+...10 Num Line  Date   Id  Number
    209 D                 DS                                                       INSERT                                    000209
    210 D  SQL_00038              1      2B 0 INZ(128)                             length of header                          000210
    211 D  SQL_00039              3      4B 0 INZ(7)                               statement number                          000211
    212 D  SQL_00040              5      8U 0 INZ(0)                               invocation mark                           000212
    213 D  SQL_00041              9      9A   INZ('0') CCSID(*JOBRUNMIX)           data is okay                              000213
    214 D  SQL_00042             10    127A   CCSID(*JOBRUNMIX)                    end of header                             000214
    215 D  SQL_00043            129    131A   CCSID(*JOBRUNMIX)                    COMPCD                                    000215
    216 D  SQL_00044            132    158A   VARYING CCSID(*JOBRUNMIX)            FILTER                                    000216
    217 D  SQL_00045            159    178A   CCSID(*JOBRUNMIX)                    ELOT                                      000217
    218 D  SQL_00046            179    186P 4                                      EQTY                                      000218
    219 D  SQL_00047            187    196A   CCSID(*JOBRUNMIX)                    ERECV                                     000219
    220 D  SQL_00048            197    206A   CCSID(*JOBRUNMIX)                    EEXPD                                     000220
    221 D  SQL_00049            207    216A   CCSID(*JOBRUNMIX)                    EEXPD                                     000221
 Line   <---------------------- Source Specifications ----------------------------------------------------->  Do  Change Src Seq
 Number ....+....1....+....2....+....3....+....4....+....5....+....6....+....7....+....8....+....9....+...10  Num Date   Id  Number
    222 **FREE                                                                                                               000222
    223 **END-FREE                                                                                                           000223
 Line   <---------------------- Source Specifications ----------------------------><---- Comments ----> Do  Page  Change Src Seq
 Number ....1....+....2....+....3....+....4....+....5....+....6....+....7....+....8....+....9....+...10 Num Line  Date   Id  Number
    224 D                 DS                                                       UPDATE                                    000224
    225 D  SQL_00050              1      2B 0 INZ(128)                             length of header                          000225
    226 D  SQL_00051              3      4B 0 INZ(8)                               statement number                          000226
    227 D  SQL_00052              5      8U 0 INZ(0)                               invocation mark                           000227
    228 D  SQL_00053              9      9A   INZ('0') CCSID(*JOBRUNMIX)           data is okay                              000228
    229 D  SQL_00054             10    127A   CCSID(*JOBRUNMIX)                    end of header                             000229
    230 D  SQL_00055            129    136P 4                                      EQTY                                      000230
    231 D  SQL_00056            137    146A   CCSID(*JOBRUNMIX)                    ERECV                                     000231
    232 D  SQL_00057            147    156A   CCSID(*JOBRUNMIX)                    EEXPD                                     000232
    233 D  SQL_00058            157    166A   CCSID(*JOBRUNMIX)                    EEXPD                                     000233
  5770WDS V7R5M0  220415 RN        IBM ILE RPG             PERPDEMO/WRKLOTR         IDEV       08/26/26 16:51:50        Page      8
 Line   <---------------------- Source Specifications ----------------------------><---- Comments ----> Do  Page  Change Src Seq
 Number ....1....+....2....+....3....+....4....+....5....+....6....+....7....+....8....+....9....+...10 Num Line  Date   Id  Number
    234 D  SQL_00059            167    169A   CCSID(*JOBRUNMIX)                    COMPCD                                    000234
    235 D  SQL_00060            170    196A   VARYING CCSID(*JOBRUNMIX)            FILTER                                    000235
    236 D  SQL_00061            197    216A   CCSID(*JOBRUNMIX)                    ELOT                                      000236
 Line   <---------------------- Source Specifications ----------------------------------------------------->  Do  Change Src Seq
 Number ....+....1....+....2....+....3....+....4....+....5....+....6....+....7....+....8....+....9....+...10  Num Date   Id  Number
    237 **FREE                                                                                                               000237
    238 **END-FREE                                                                                                           000238
 Line   <---------------------- Source Specifications ----------------------------><---- Comments ----> Do  Page  Change Src Seq
 Number ....1....+....2....+....3....+....4....+....5....+....6....+....7....+....8....+....9....+...10 Num Line  Date   Id  Number
    239 D                 DS                                                       DELETE                                    000239
    240 D  SQL_00062              1      2B 0 INZ(128)                             length of header                          000240
    241 D  SQL_00063              3      4B 0 INZ(9)                               statement number                          000241
    242 D  SQL_00064              5      8U 0 INZ(0)                               invocation mark                           000242
    243 D  SQL_00065              9      9A   INZ('0') CCSID(*JOBRUNMIX)           data is okay                              000243
    244 D  SQL_00066             10    127A   CCSID(*JOBRUNMIX)                    end of header                             000244
    245 D  SQL_00067            129    131A   CCSID(*JOBRUNMIX)                    COMPCD                                    000245
    246 D  SQL_00068            132    158A   VARYING CCSID(*JOBRUNMIX)            FILTER                                    000246
    247 D  SQL_00069            159    178A   CCSID(*JOBRUNMIX)                    SLOT                                      000247
 Line   <---------------------- Source Specifications ----------------------------------------------------->  Do  Change Src Seq
 Number ....+....1....+....2....+....3....+....4....+....5....+....6....+....7....+....8....+....9....+...10  Num Date   Id  Number
    248 **FREE                                                                                                               000248
    249=ILTSFL                                                                                                              1000001
         *--------------------------------------------------------------------------------------------*                     1
         * RPG record format  . . . . :  LTSFL                                                        *                     1
         * External format  . . . . . :  LTSFL : PERPDEMO/WRKLOTD                                     *                     1
         *--------------------------------------------------------------------------------------------*                     1
    250=I                             N    1    1  *IN03                           Exit                                     1000002
    251=I                             N    2    2  *IN05                           Refresh                                  1000003
    252=I                             N    3    3  *IN06                           Add                                      1000004
    253=I                             N    4    4  *IN12                           Cancel                                   1000005
    254=I                             A    5    5  SOPT                                                                     1000006
    255=I                             A    6   25  SLOT                                                                     1000007
    256=I                             S   26   40 4SQTY                                                                     1000008
    257=I                             A   41   50  SRECV                                                                    1000009
    258=I                             A   51   60  SEXPD                                                                    1000010
    259=ILTCTL                                                                                                              2000001
         *--------------------------------------------------------------------------------------------*                     2
         * RPG record format  . . . . :  LTCTL                                                        *                     2
         * External format  . . . . . :  LTCTL : PERPDEMO/WRKLOTD                                     *                     2
         *--------------------------------------------------------------------------------------------*                     2
    260=I                             N    1    1  *IN03                           Exit                                     2000002
    261=I                             N    2    2  *IN05                           Refresh                                  2000003
    262=I                             N    3    3  *IN06                           Add                                      2000004
    263=I                             N    4    4  *IN12                           Cancel                                   2000005
    264=I                             A    5   29  SFITEM                                                                   2000006
    265=ILTFOOT                                                                                                             3000001
         *--------------------------------------------------------------------------------------------*                     3
         * RPG record format  . . . . :  LTFOOT                                                       *                     3
  5770WDS V7R5M0  220415 RN        IBM ILE RPG             PERPDEMO/WRKLOTR         IDEV       08/26/26 16:51:50        Page      9
 Line   <---------------------- Source Specifications ----------------------------------------------------->  Do  Change Src Seq
 Number ....+....1....+....2....+....3....+....4....+....5....+....6....+....7....+....8....+....9....+...10  Num Date   Id  Number
         * External format  . . . . . :  LTFOOT : PERPDEMO/WRKLOTD                                    *                     3
         *--------------------------------------------------------------------------------------------*                     3
    266=I                             N    1    1  *IN03                           Exit                                     3000002
    267=I                             N    2    2  *IN05                           Refresh                                  3000003
    268=I                             N    3    3  *IN06                           Add                                      3000004
    269=I                             N    4    4  *IN12                           Cancel                                   3000005
    270=ILTNONE                                                                                                             4000001
         *--------------------------------------------------------------------------------------------*                     4
         * RPG record format  . . . . :  LTNONE                                                       *                     4
         * External format  . . . . . :  LTNONE : PERPDEMO/WRKLOTD                                    *                     4
         *--------------------------------------------------------------------------------------------*                     4
    271=I                             N    1    1  *IN03                           Exit                                     4000002
    272=I                             N    2    2  *IN05                           Refresh                                  4000003
    273=I                             N    3    3  *IN06                           Add                                      4000004
    274=I                             N    4    4  *IN12                           Cancel                                   4000005
    275=ILTNOITEM                                                                                                           5000001
         *--------------------------------------------------------------------------------------------*                     5
         * RPG record format  . . . . :  LTNOITEM                                                     *                     5
         * External format  . . . . . :  LTNOITEM : PERPDEMO/WRKLOTD                                  *                     5
         *--------------------------------------------------------------------------------------------*                     5
    276=I                             N    1    1  *IN03                           Exit                                     5000002
    277=I                             N    2    2  *IN05                           Refresh                                  5000003
    278=I                             N    3    3  *IN06                           Add                                      5000004
    279=I                             N    4    4  *IN12                           Cancel                                   5000005
    280=ILTEDIT                                                                                                             6000001
         *--------------------------------------------------------------------------------------------*                     6
         * RPG record format  . . . . :  LTEDIT                                                       *                     6
         * External format  . . . . . :  LTEDIT : PERPDEMO/WRKLOTD                                    *                     6
         *--------------------------------------------------------------------------------------------*                     6
    281=I                             N    1    1  *IN03                           Exit                                     6000002
    282=I                             N    2    2  *IN05                           Refresh                                  6000003
    283=I                             N    3    3  *IN06                           Add                                      6000004
    284=I                             N    4    4  *IN12                           Cancel                                   6000005
    285=I                             A    5   24  ELOT                                                                     6000006
    286=I                             S   25   39 4EQTY                                                                     6000007
    287=I                             A   40   49  ERECV                                                                    6000008
    288=I                             A   50   59  EEXPD                                                                    6000009
    289=I                             A   60   60  EACTIVE                                                                  6000010
    290=ILTMSGSFL                                                                                                           7000001
         *--------------------------------------------------------------------------------------------*                     7
         * RPG record format  . . . . :  LTMSGSFL                                                     *                     7
         * External format  . . . . . :  LTMSGSFL : PERPDEMO/WRKLOTD                                  *                     7
         *--------------------------------------------------------------------------------------------*                     7
    291=I                             N    1    1  *IN03                           Exit                                     7000002
    292=I                             N    2    2  *IN05                           Refresh                                  7000003
    293=I                             N    3    3  *IN06                           Add                                      7000004
    294=I                             N    4    4  *IN12                           Cancel                                   7000005
    295=I                             A    5    8  SMSGKEY                                                                  7000006
    296=I                             A    9   18  SPGMQ                                                                    7000007
    297=ILTMSGCTL                                                                                                           8000001
         *--------------------------------------------------------------------------------------------*                     8
         * RPG record format  . . . . :  LTMSGCTL                                                     *                     8
         * External format  . . . . . :  LTMSGCTL : PERPDEMO/WRKLOTD                                  *                     8
         *--------------------------------------------------------------------------------------------*                     8
    298=I                             N    1    1  *IN03                           Exit                                     8000002
    299=I                             N    2    2  *IN05                           Refresh                                  8000003
  5770WDS V7R5M0  220415 RN        IBM ILE RPG             PERPDEMO/WRKLOTR         IDEV       08/26/26 16:51:50        Page     10
 Line   <---------------------- Source Specifications ----------------------------------------------------->  Do  Change Src Seq
 Number ....+....1....+....2....+....3....+....4....+....5....+....6....+....7....+....8....+....9....+...10  Num Date   Id  Number
    300=I                             N    3    3  *IN06                           Add                                      8000004
    301=I                             N    4    4  *IN12                           Cancel                                   8000005
    302 in ldaDS;                                                                                                            000249
    303 compcd = ldaDS.compcd;                                                                                               000250
    304                                                                                                                      000251
    305 if %parms >= 1 and pCompcd <> '';                                                                    B01             000252
    306   compcd = pCompcd;                                                                                   01             000253
    307 endif;                                                                                               E01             000254
    308 scompdsp = compcd;                                                                                                   000255
    309 filter = '';                                                                                                         000256
    310 if %parms >= 2 and pItem <> '';                                                                      B01             000257
    311   filter = pItem;                                                                                     01             000258
    312   sfitem = pItem;                                                                                     01             000259
    313 else;                                                                                                X01             000260
    314   sfitem = '';                                                                                        01             000261
    315 endif;                                                                                               E01             000262
    316                                                                                                                      000263
    317 if compcd = '';                                                                                      B01             000264
    318   exsr clearMsgs;                                                                                     01             000265
    319   writeMsg('No company selected - run Select Company (PERPSELR) first.');                             01             000266
    320 endif;                                                                                               E01             000267
    321                                                                                                                      000268
    322 dow not *in03 and not *in12;                                                                         B01             000269
    323   if compcd = '';                                                                                    B02             000270
    324     *in30 = *off;                                                                                     02             000271
    325     write ltnoitem;                                                                                   02             000272
    326     write ltfoot;                                                                                     02             000273
    327     if msgrrn > 0;                                                                                   B03             000274
    328       *in40 = *on;                                                                                    03             000275
    329       write ltmsgctl;                                                                                 03             000276
    330     else;                                                                                            X03             000277
    331       *in40 = *off;                                                                                   03             000278
    332     endif;                                                                                           E03             000279
    333     exfmt ltctl;                                                                                      02             000280
    334     leave;                                                                                            02             000281
    335   endif;                                                                                             E02             000282
    336                                                                                                                      000283
    337   // A message queued by an action handler below (addRow, etc.) must                                                 000284
    338   // survive one full loop pass before being cleared, or it never                                                    000285
    339   // reaches the screen -- clearMsgs wipes msgrrn back to 0 on the very                                              000286
    340   // next pass, before this pass's own exfmt ever shows it. holdMsg                                                  000287
    341   // skips exactly one clearMsgs call right after such a message was                                                 000288
    342   // queued. Same pattern as wrkitmr.                                                                                000289
    343   if holdMsg;                                                                                        B02             000290
    344     holdMsg = *off;                                                                                   02             000291
    345   else;                                                                                              X02             000292
    346     exsr clearMsgs;                                                                                   02             000293
    347   endif;                                                                                             E02             000294
    348                                                                                                                      000295
    349   if filter = '';                                                                                    B02             000296
    350     *in30 = *off;                                                                                     02             000297
    351     *in60 = *off;                                                                                     02             000298
    352     numRows = 0;                                                                                      02             000299
    353     sioh = 0;                                                                                         02             000300
  5770WDS V7R5M0  220415 RN        IBM ILE RPG             PERPDEMO/WRKLOTR         IDEV       08/26/26 16:51:50        Page     11
 Line   <---------------------- Source Specifications ----------------------------------------------------->  Do  Change Src Seq
 Number ....+....1....+....2....+....3....+....4....+....5....+....6....+....7....+....8....+....9....+...10  Num Date   Id  Number
    354     slottot = 0;                                                                                      02             000301
    355     write ltnoitem;                                                                                   02             000302
    356   else;                                                                                              X02             000303
    357     exsr loadBalances;                                                                                02             000304
    358     exsr loadRows;                                                                                    02             000305
    359     if numRows = 0;                                                                                  B03             000306
    360       *in30 = *off;                                                                                   03             000307
    361       write ltnone;                                                                                   03             000308
    362     else;                                                                                            X03             000309
    363       exsr fillSubfile;                                                                               03             000310
    364       *in30 = *on;                                                                                    03             000311
    365     endif;                                                                                           E03             000312
    366   endif;                                                                                             E02             000313
    367                                                                                                                      000314
    368   write ltfoot;                                                                                       01             000315
    369   if msgrrn > 0;                                                                                     B02             000316
    370     *in40 = *on;                                                                                      02             000317
    371     write ltmsgctl;                                                                                   02             000318
    372   else;                                                                                              X02             000319
    373     *in40 = *off;                                                                                     02             000320
    374   endif;                                                                                             E02             000321
    375   exfmt ltctl;                                                                                        01             000322
    376                                                                                                                      000323
    377   if *in03 or *in12;                                                                                 B02             000324
    378     leave;                                                                                            02             000325
    379   endif;                                                                                             E02             000326
    380                                                                                                                      000327
    381   if *in05;                                                                                          B02             000328
    382     filter = sfitem;                                                                                  02             000329
    383     iter;                                                                                             02             000330
    384   endif;                                                                                             E02             000331
    385                                                                                                                      000332
    386   if *in06;                                                                                          B02             000333
    387     if sfitem = '';                                                                                  B03             000334
    388       writeMsg('Enter an item number before adding a lot.');                                          03             000335
    389       holdMsg = *on;                                                                                  03             000336
    390     else;                                                                                            X03             000337
    391       filter = sfitem;                                                                                03             000338
    392       exsr addRow;                                                                                    03             000339
    393     endif;                                                                                           E03             000340
    394     iter;                                                                                             02             000341
    395   endif;                                                                                             E02             000342
    396                                                                                                                      000343
    397   // Item Number prompt (PERP-60): '?' + Enter invokes the standard                                                  000344
    398   // reusable Item Number lookup (PERP-56) and returns the selection.                                                000345
    399   if %trim(sfitem) = '?';                                                                            B02             000346
    400     promptItem = sfitem;                                                                              02             000347
    401     callItmprmt(compcd : promptItem);                                                                 02             000348
    402     sfitem = promptItem;                                                                              02             000349
    403     filter = promptItem;                                                                              02             000350
    404     iter;                                                                                             02             000351
    405   endif;                                                                                             E02             000352
    406                                                                                                                      000353
    407   // Refresh scope from screen entry                                                                                 000354
    408   if sfitem <> filter;                                                                               B02             000355
    409     filter = sfitem;                                                                                  02             000356
  5770WDS V7R5M0  220415 RN        IBM ILE RPG             PERPDEMO/WRKLOTR         IDEV       08/26/26 16:51:50        Page     12
 Line   <---------------------- Source Specifications ----------------------------------------------------->  Do  Change Src Seq
 Number ....+....1....+....2....+....3....+....4....+....5....+....6....+....7....+....8....+....9....+...10  Num Date   Id  Number
    410     iter;                                                                                             02             000357
    411   endif;                                                                                             E02             000358
    412                                                                                                                      000359
    413   // Process subfile options. Guard on numRows: READC against a subfile                                              000360
    414   // that was never written to this cycle (0 rows loaded) raises a                                                   000361
    415   // "Session or device error" (CPF5006-class) runtime error instead of                                              000362
    416   // just returning *EOF.                                                                                            000363
    417   if numRows > 0;                                                                                    B02             000364
    418     selRrn = 0;                                                                                       02             000365
    419     selOpt = ' ';                                                                                     02             000366
    420     readc ltsfl;                                                                                      02             000367
    421     dow not %eof(wrklotd);                                                                           B03             000368
    422       if sopt <> '';                                                                                 B04             000369
    423         selRrn = rrn;                                                                                 04             000370
    424         selOpt = sopt;                                                                                04             000371
    425         exsr handleOpt;                                                                               04             000372
    426         selRrn = 0;                                                                                   04             000373
    427       endif;                                                                                         E04             000374
    428       readc ltsfl;                                                                                    03             000375
    429     enddo;                                                                                           E03             000376
    430   endif;                                                                                             E02             000377
    431                                                                                                                      000378
    432 enddo;                                                                                               E01             000379
    433                                                                                                                      000380
    434 *inlr = *on;                                                                                                         000381
    435 return;                                                                                                              000382
    436                                                                                                                      000383
    437 // ---------------------------------------------------------------------                                             000384
    438 begsr loadBalances;                                                                                                  000385
    439 //*  exec sql                                                                                                        000386
    440 //*    select qty_on_hand into :itemOh                                                                               000387
    441 //*      from perpdemo.item                                                                                          000388
    442 //*     where company_code = :compcd and item_number = :filter;                                                      000389
    443           SQL_00005 = COMPCD;                                                   //SQL                                000390
    444           SQL_00006 = FILTER;                                                   //SQL                                000391
    445           SQLER6 = -4;                                                          //SQL 2                              000392
    446           SQLROUTE_CALL(                                                        //SQL                                000393
    447                SQLCA                                                            //SQL                                000394
    448              : SQL_00000                                                        //SQL                                000395
    449           );                                                                    //SQL                                000396
    450           IF SQL_00003 = '1';                                                   //SQL                B01             000397
    451           EVAL ITEMOH = SQL_00007;                                              //SQL                 01             000398
    452           ENDIF;                                                                //SQL                E01             000399
    453   if sqlcode <> 0;                                                                                   B01             000400
    454     itemOh = 0;                                                                                       01             000401
    455   endif;                                                                                             E01             000402
    456 //*  exec sql                                                                                                        000403
    457 //*    select coalesce(sum(qty_on_hand), 0) into :lotTotal                                                           000404
    458 //*      from perpdemo.item_lot                                                                                      000405
    459 //*     where company_code = :compcd and item_number = :filter;                                                      000406
    460           SQL_00013 = COMPCD;                                                   //SQL                                000407
    461           SQL_00014 = FILTER;                                                   //SQL                                000408
    462           SQLER6 = -4;                                                          //SQL 3                              000409
    463           SQLROUTE_CALL(                                                        //SQL                                000410
    464                SQLCA                                                            //SQL                                000411
    465              : SQL_00008                                                        //SQL                                000412
  5770WDS V7R5M0  220415 RN        IBM ILE RPG             PERPDEMO/WRKLOTR         IDEV       08/26/26 16:51:50        Page     13
 Line   <---------------------- Source Specifications ----------------------------------------------------->  Do  Change Src Seq
 Number ....+....1....+....2....+....3....+....4....+....5....+....6....+....7....+....8....+....9....+...10  Num Date   Id  Number
    466           );                                                                    //SQL                                000413
    467           IF SQL_00011 = '1';                                                   //SQL                B01             000414
    468           EVAL LOTTOTAL = SQL_00015;                                            //SQL                 01             000415
    469           ENDIF;                                                                //SQL                E01             000416
    470   sioh    = itemOh;                                                                                                  000417
    471   slottot = lotTotal;                                                                                                000418
    472   if itemOh <> lotTotal;                                                                             B01             000419
    473     *in60 = *on;                                                                                      01             000420
    474   else;                                                                                              X01             000421
    475     *in60 = *off;                                                                                     01             000422
    476   endif;                                                                                             E01             000423
    477 endsr;                                                                                                               000424
    478                                                                                                                      000425
    479 // ---------------------------------------------------------------------                                             000426
    480 begsr loadRows;                                                                                                      000427
    481   numRows = 0;                                                                                                       000428
    482   // PERP-84: display as MM/DD/YY. received_date/expiry_date are stored                                              000429
    483   // as native DATE columns but rendered here as plain strings (SRECV/                                               000430
    484   // SEXPD carry no DATFMT keyword), so the format has to be built by                                                000431
    485   // hand from the ISO string -- DB2 for i's CHAR(date,fmt) built-in                                                 000432
    486   // formats (ISO/USA/EUR/JIS) all use a 4-digit year, none produce a                                                000433
    487   // 2-digit year directly. Same technique as wrkivpr.sqlrpgle (PERP-83).                                            000434
    488 //*  exec sql declare c1 cursor for                                                                                  000435
    489 //*    select lot_number, qty_on_hand,                                                                               000436
    490 //*           substr(char(received_date, iso), 6, 2) || '/'                                                          000437
    491 //*             || substr(char(received_date, iso), 9, 2) || '/'                                                     000438
    492 //*             || substr(char(received_date, iso), 3, 2),                                                           000439
    493 //*           case when expiry_date is null then ''                                                                  000440
    494 //*                else substr(char(expiry_date, iso), 6, 2) || '/'                                                  000441
    495 //*                       || substr(char(expiry_date, iso), 9, 2) || '/'                                             000442
    496 //*                       || substr(char(expiry_date, iso), 3, 2)                                                    000443
    497 //*           end                                                                                                    000444
    498 //*      from perpdemo.item_lot                                                                                      000445
    499 //*     where company_code = :compcd and item_number = :filter                                                       000446
    500 //*     order by lot_number;                                                                                         000447
    501 //*  exec sql open c1;                                                                                               000448
    502           SQL_00021 = COMPCD;                                                   //SQL                                000449
    503           SQL_00022 = FILTER;                                                   //SQL                                000450
    504           SQLER6 = -4;                                                          //SQL                                000451
    505           IF SQL_00018 = 0                                                      //SQL                B01             000452
    506           OR SQL_00019 <> *LOVAL;                                               //SQL                B01             000453
    507           SQLROUTE_CALL(                                                        //SQL                 01             000454
    508                SQLCA                                                            //SQL                 01             000455
    509              : SQL_00016                                                        //SQL                 01             000456
    510           );                                                                    //SQL                 01             000457
    511           ELSE;                                                                 //SQL                X01             000458
    512           SQLOPEN_CALL(                                                         //SQL                 01             000459
    513                SQLCA                                                            //SQL                 01             000460
    514              : SQL_00016                                                        //SQL                 01             000461
    515           );                                                                    //SQL                 01             000462
    516           ENDIF;                                                                //SQL                E01             000463
    517   if sqlcode < 0;                                                                                    B01             000464
    518     writeMsg('SQL open failed: SQLCODE=' + %char(sqlcode));                                           01             000465
    519     leavesr;                                                                                          01             000466
    520   endif;                                                                                             E01             000467
    521                                                                                                                      000468
  5770WDS V7R5M0  220415 RN        IBM ILE RPG             PERPDEMO/WRKLOTR         IDEV       08/26/26 16:51:50        Page     14
 Line   <---------------------- Source Specifications ----------------------------------------------------->  Do  Change Src Seq
 Number ....+....1....+....2....+....3....+....4....+....5....+....6....+....7....+....8....+....9....+...10  Num Date   Id  Number
    522   dow numRows < %elem(rows);                                                                         B01             000469
    523 //*    exec sql fetch c1 into :ltRow;                                                                                000470
    524           SQLER6 = -4;                                                          //SQL 5               01             000471
    525           SQLROUTE_CALL(                                                        //SQL                 01             000472
    526                SQLCA                                                            //SQL                 01             000473
    527              : SQL_00023                                                        //SQL                 01             000474
    528           );                                                                    //SQL                 01             000475
    529           IF SQL_00026 = '1';                                                   //SQL                B02             000476
    530           EVAL LTROW.LOT = SQL_00028;                                           //SQL                 02             000477
    531           EVAL LTROW.QTY = SQL_00029;                                           //SQL                 02             000478
    532           EVAL LTROW.RECV = SQL_00030;                                          //SQL                 02             000479
    533           EVAL LTROW.EXPD = SQL_00031;                                          //SQL                 02             000480
    534           ENDIF;                                                                //SQL                E02             000481
    535     if sqlcode = 100 or sqlcode < 0;                                                                 B02             000482
    536       leave;                                                                                          02             000483
    537     endif;                                                                                           E02             000484
    538     numRows += 1;                                                                                     01             000485
    539     rows(numRows) = ltRow;                                                                            01             000486
    540   enddo;                                                                                             E01             000487
    541 //*  exec sql close c1;                                                                                              000488
    542           SQLER6 = 6;                                                           //SQL                                000489
    543           IF SQL_00034 = 0;                                                     //SQL                B01             000490
    544           SQLROUTE_CALL(                                                        //SQL                 01             000491
    545                SQLCA                                                            //SQL                 01             000492
    546              : SQL_00032                                                        //SQL                 01             000493
    547           );                                                                    //SQL                 01             000494
    548           ELSE;                                                                 //SQL                X01             000495
    549           SQLCLSE_CALL(                                                         //SQL                 01             000496
    550                SQLCA                                                            //SQL                 01             000497
    551              : SQL_00032                                                        //SQL                 01             000498
    552           );                                                                    //SQL                 01             000499
    553           ENDIF;                                                                //SQL                E01             000500
    554 endsr;                                                                                                               000501
    555                                                                                                                      000502
    556 // ---------------------------------------------------------------------                                             000503
    557 begsr fillSubfile;                                                                                                   000504
    558   rrn = 0;                                                                                                           000505
    559   *in31 = *on;                                                                                                       000506
    560   write ltctl;                                                                                                       000507
    561   *in31 = *off;                                                                                                      000508
    562   for i = 1 to numRows;                                                                              B01             000509
    563     *in50 = *off;                                                                                     01             000510
    564     *in51 = *off;                                                                                     01             000511
    565     sopt  = '';                                                                                       01             000512
    566     slot  = rows(i).lot;                                                                              01             000513
    567     sqty  = rows(i).qty;                                                                              01             000514
    568     srecv = rows(i).recv;                                                                             01             000515
    569     sexpd = rows(i).expd;                                                                             01             000516
    570     rrn += 1;                                                                                         01             000517
    571     write ltsfl;                                                                                      01             000518
    572   endfor;                                                                                            E01             000519
    573 endsr;                                                                                                               000520
    574                                                                                                                      000521
    575 // ---------------------------------------------------------------------                                             000522
    576 begsr handleOpt;                                                                                                     000523
    577   chain selRrn ltsfl;                                                                                                000524
  5770WDS V7R5M0  220415 RN        IBM ILE RPG             PERPDEMO/WRKLOTR         IDEV       08/26/26 16:51:50        Page     15
 Line   <---------------------- Source Specifications ----------------------------------------------------->  Do  Change Src Seq
 Number ....+....1....+....2....+....3....+....4....+....5....+....6....+....7....+....8....+....9....+...10  Num Date   Id  Number
    578   if %found(wrklotd);                                                                                B01             000525
    579     select;                                                                                          B02             000526
    580       when selOpt = '2';                                                                             X02             000527
    581         exsr changeRow;                                                                               02             000528
    582       when selOpt = '4';                                                                             X02             000529
    583         exsr deleteRow;                                                                               02             000530
    584       other;                                                                                         X02             000531
    585         writeMsg('Option ' + selOpt + ' not valid.');                                                 02             000532
    586         holdMsg = *on;                                                                                02             000533
    587     endsl;                                                                                           E02             000534
    588   endif;                                                                                             E01             000535
    589 endsr;                                                                                                               000536
    590                                                                                                                      000537
    591 // ---------------------------------------------------------------------                                             000538
    592 begsr addRow;                                                                                                        000539
    593   exsr clearMsgs;                                                                                                    000540
    594   emode  = 'A';                                                                                                      000541
    595   elot   = '';                                                                                                       000542
    596   eqty   = 0;                                                                                                        000543
    597   erecv  = %char(%date():*mdy);                                                                                      000544
    598   eexpd  = '';                                                                                                       000545
    599   eactive = 'Y';                                                                                                     000546
    600   exsr editLoop;                                                                                                     000547
    601   if not *in12 and elot <> '';                                                                       B01             000548
    602 //*    exec sql                                                                                                      000549
    603 //*      insert into perpdemo.item_lot                                                                               000550
    604 //*        (company_code, item_number, lot_number, qty_on_hand, received_date, expiry_date)                          000551
    605 //*        values (:compcd, :filter, :elot, :eqty, date(:erecv),                                                     000552
    606 //*                case when :eexpd = '' then null else date(:eexpd) end);                                           000553
    607           SQL_00043 = COMPCD;                                                   //SQL                 01             000554
    608           SQL_00044 = FILTER;                                                   //SQL                 01             000555
    609           SQL_00045 = ELOT;                                                     //SQL                 01             000556
    610           SQL_00046 = EQTY;                                                     //SQL                 01             000557
    611           SQL_00047 = ERECV;                                                    //SQL                 01             000558
    612           SQL_00048 = EEXPD;                                                    //SQL                 01             000559
    613           SQL_00049 = EEXPD;                                                    //SQL                 01             000560
    614           SQLER6 = -4;                                                          //SQL 7               01             000561
    615           SQLROUTE_CALL(                                                        //SQL                 01             000562
    616                SQLCA                                                            //SQL                 01             000563
    617              : SQL_00038                                                        //SQL                 01             000564
    618           );                                                                    //SQL                 01             000565
    619     if sqlcode < 0;                                                                                  B02             000566
    620       writeMsg('Add failed: SQLCODE=' + %char(sqlcode)                                                02             000567
    621              + ' SQLSTATE=' + sqlstate);                                                              02             000568
    622     else;                                                                                            X02             000569
    623       writeMsg('Added lot ' + %trim(elot) + '.');                                                     02             000570
    624     endif;                                                                                           E02             000571
    625     holdMsg = *on;                                                                                    01             000572
    626   endif;                                                                                             E01             000573
    627 endsr;                                                                                                               000574
    628                                                                                                                      000575
    629 // ---------------------------------------------------------------------                                             000576
    630 begsr changeRow;                                                                                                     000577
    631   exsr clearMsgs;                                                                                                    000578
    632   emode = 'C';                                                                                                       000579
    633   elot  = slot;                                                                                                      000580
  5770WDS V7R5M0  220415 RN        IBM ILE RPG             PERPDEMO/WRKLOTR         IDEV       08/26/26 16:51:50        Page     16
 Line   <---------------------- Source Specifications ----------------------------------------------------->  Do  Change Src Seq
 Number ....+....1....+....2....+....3....+....4....+....5....+....6....+....7....+....8....+....9....+...10  Num Date   Id  Number
    634   eqty  = sqty;                                                                                                      000581
    635   erecv = srecv;                                                                                                     000582
    636   eexpd = sexpd;                                                                                                     000583
    637   eactive = 'Y';                                                                                                     000584
    638   exsr editLoop;                                                                                                     000585
    639   if not *in12;                                                                                      B01             000586
    640 //*    exec sql                                                                                                      000587
    641 //*      update perpdemo.item_lot                                                                                    000588
    642 //*         set qty_on_hand   = :eqty,                                                                               000589
    643 //*             received_date = date(:erecv),                                                                        000590
    644 //*             expiry_date   = case when :eexpd = '' then null else date(:eexpd) end,                               000591
    645 //*             updated_at    = current_timestamp,                                                                   000592
    646 //*             updated_by    = user                                                                                 000593
    647 //*       where company_code = :compcd and item_number = :filter and lot_number = :elot;                             000594
    648           SQL_00055 = EQTY;                                                     //SQL                 01             000595
    649           SQL_00056 = ERECV;                                                    //SQL                 01             000596
    650           SQL_00057 = EEXPD;                                                    //SQL                 01             000597
    651           SQL_00058 = EEXPD;                                                    //SQL                 01             000598
    652           SQL_00059 = COMPCD;                                                   //SQL                 01             000599
    653           SQL_00060 = FILTER;                                                   //SQL                 01             000600
    654           SQL_00061 = ELOT;                                                     //SQL                 01             000601
    655           SQLER6 = -4;                                                          //SQL 8               01             000602
    656           SQLROUTE_CALL(                                                        //SQL                 01             000603
    657                SQLCA                                                            //SQL                 01             000604
    658              : SQL_00050                                                        //SQL                 01             000605
    659           );                                                                    //SQL                 01             000606
    660     if sqlcode < 0;                                                                                  B02             000607
    661       writeMsg('Change failed: SQLCODE=' + %char(sqlcode));                                           02             000608
    662     else;                                                                                            X02             000609
    663       writeMsg('Updated lot ' + %trim(elot) + '.');                                                   02             000610
    664     endif;                                                                                           E02             000611
    665     holdMsg = *on;                                                                                    01             000612
    666   endif;                                                                                             E01             000613
    667 endsr;                                                                                                               000614
    668                                                                                                                      000615
    669 // ---------------------------------------------------------------------                                             000616
    670 begsr deleteRow;                                                                                                     000617
    671   exsr clearMsgs;                                                                                                    000618
    672 //*  exec sql                                                                                                        000619
    673 //*    delete from perpdemo.item_lot                                                                                 000620
    674 //*     where company_code = :compcd and item_number = :filter and lot_number = :slot;                               000621
    675           SQL_00067 = COMPCD;                                                   //SQL                                000622
    676           SQL_00068 = FILTER;                                                   //SQL                                000623
    677           SQL_00069 = SLOT;                                                     //SQL                                000624
    678           SQLER6 = -4;                                                          //SQL 9                              000625
    679           SQLROUTE_CALL(                                                        //SQL                                000626
    680                SQLCA                                                            //SQL                                000627
    681              : SQL_00062                                                        //SQL                                000628
    682           );                                                                    //SQL                                000629
    683   if sqlcode < 0;                                                                                    B01             000630
    684     writeMsg('Delete failed: SQLSTATE=' + sqlstate);                                                  01             000631
    685   else;                                                                                              X01             000632
    686     writeMsg('Deleted lot ' + %trim(slot) + '.');                                                     01             000633
    687   endif;                                                                                             E01             000634
    688   holdMsg = *on;                                                                                                     000635
    689 endsr;                                                                                                               000636
  5770WDS V7R5M0  220415 RN        IBM ILE RPG             PERPDEMO/WRKLOTR         IDEV       08/26/26 16:51:50        Page     17
 Line   <---------------------- Source Specifications ----------------------------------------------------->  Do  Change Src Seq
 Number ....+....1....+....2....+....3....+....4....+....5....+....6....+....7....+....8....+....9....+...10  Num Date   Id  Number
    690                                                                                                                      000637
    691 // ---------------------------------------------------------------------                                             000638
    692 // PERP-84: erecv/eexpd are typed by the user as MM/DD/YY on LTEDIT.                                                 000639
    693 // Validate on every Enter; on failure, show the error in the message                                                000640
    694 // subfile alongside LTEDIT and let the user retry (never crash into                                                 000641
    695 // the SQL date(:erecv) cast in addRow/changeRow with unparsed text).                                                000642
    696 // On success, erecv/eexpd are normalized to ISO ('yyyy-mm-dd') text so                                              000643
    697 // the existing date(:erecv)/date(:eexpd) SQL casts in addRow/changeRow                                              000644
    698 // keep working unchanged.                                                                                           000645
    699 begsr editLoop;                                                                                                      000646
    700   exsr clearMsgs;                                                                                                    000647
    701   dow *on;                                                                                           B01             000648
    702     if msgrrn > 0;                                                                                   B02             000649
    703       *in40 = *on;                                                                                    02             000650
    704       write ltmsgctl;                                                                                 02             000651
    705     else;                                                                                            X02             000652
    706       *in40 = *off;                                                                                   02             000653
    707     endif;                                                                                           E02             000654
    708     exfmt ltedit;                                                                                     01             000655
    709                                                                                                                      000656
    710     if *in12;                                                                                        B02             000657
    711       leave;                                                                                          02             000658
    712     endif;                                                                                           E02             000659
    713                                                                                                                      000660
    714     exsr clearMsgs;                                                                                   01             000661
    715                                                                                                                      000662
    716     if %trim(elot) = '';                                                                             B02             000663
    717       writeMsg('Lot Number is required.');                                                            02             000664
    718       iter;                                                                                           02             000665
    719     endif;                                                                                           E02             000666
    720                                                                                                                      000667
    721     if %trim(erecv) = '';                                                                            B02             000668
    722       writeMsg('Received Date is required (MM/DD/YY).');                                              02             000669
    723       iter;                                                                                           02             000670
    724     endif;                                                                                           E02             000671
    725                                                                                                                      000672
    726     validRecv = *on;                                                                                  01             000673
    727     monitor;                                                                                         B02             000674
    728       parsedRecv = %date(%trim(erecv):*mdy);                                                          02             000675
    729     on-error;                                                                                        X02             000676
    730       validRecv = *off;                                                                               02             000677
    731     endmon;                                                                                          E02             000678
    732     if not validRecv;                                                                                B02             000679
    733       writeMsg('Invalid Received Date - enter as MM/DD/YY.');                                         02             000680
    734       iter;                                                                                           02             000681
    735     endif;                                                                                           E02             000682
    736                                                                                                                      000683
    737     validExpd = *on;                                                                                  01             000684
    738     if %trim(eexpd) <> '';                                                                           B02             000685
    739       monitor;                                                                                       B03             000686
    740         parsedExpd = %date(%trim(eexpd):*mdy);                                                        03             000687
    741       on-error;                                                                                      X03             000688
    742         validExpd = *off;                                                                             03             000689
    743       endmon;                                                                                        E03             000690
    744     endif;                                                                                           E02             000691
    745     if not validExpd;                                                                                B02             000692
  5770WDS V7R5M0  220415 RN        IBM ILE RPG             PERPDEMO/WRKLOTR         IDEV       08/26/26 16:51:50        Page     18
 Line   <---------------------- Source Specifications ----------------------------------------------------->  Do  Change Src Seq
 Number ....+....1....+....2....+....3....+....4....+....5....+....6....+....7....+....8....+....9....+...10  Num Date   Id  Number
    746       writeMsg('Invalid Expiry Date - enter as MM/DD/YY, or blank for none.');                        02             000693
    747       iter;                                                                                           02             000694
    748     endif;                                                                                           E02             000695
    749                                                                                                                      000696
    750     erecv = %char(parsedRecv:*iso);                                                                   01             000697
    751     if %trim(eexpd) <> '';                                                                           B02             000698
    752       eexpd = %char(parsedExpd:*iso);                                                                 02             000699
    753     endif;                                                                                           E02             000700
    754                                                                                                                      000701
    755     leave;                                                                                            01             000702
    756   enddo;                                                                                             E01             000703
    757 endsr;                                                                                                               000704
    758                                                                                                                      000705
    759 // ---------------------------------------------------------------------                                             000706
    760 begsr clearMsgs;                                                                                                     000707
    761   msgrrn = 0;                                                                                                        000708
    762   *in41 = *on;                                                                                                       000709
    763   write ltmsgctl;                                                                                                    000710
    764   *in41 = *off;                                                                                                      000711
    765 endsr;                                                                                                               000712
    766                                                                                                                      000713
    767 // ---------------------------------------------------------------------                                             000714
    768=OLTSFL                                                                                                              9000001
         *--------------------------------------------------------------------------------------------*                     9
         * RPG record format  . . . . :  LTSFL                                                        *                     9
         * External format  . . . . . :  LTSFL : PERPDEMO/WRKLOTD                                     *                     9
         *--------------------------------------------------------------------------------------------*                     9
    769=O                       *IN50                2N CHAR        1                                                       9000002
    770=O                       *IN51                1N CHAR        1                                                       9000003
    771=O                       SOPT                 3A CHAR        1                                                       9000004
    772=O                       SLOT                23A CHAR       20                                                       9000005
    773=O                       SQTY                38S ZONE     15,4                                                       9000006
    774=O                       SRECV               48A CHAR       10                                                       9000007
    775=O                       SEXPD               58A CHAR       10                                                       9000008
    776=OLTCTL                                                                                                             10000001
         *--------------------------------------------------------------------------------------------*                    10
         * RPG record format  . . . . :  LTCTL                                                        *                    10
         * External format  . . . . . :  LTCTL : PERPDEMO/WRKLOTD                                     *                    10
         *--------------------------------------------------------------------------------------------*                    10
    777=O                       *IN30                2N CHAR        1                                                      10000002
    778=O                       *IN31                1N CHAR        1                                                      10000003
    779=O                       *IN60                3N CHAR        1                                                      10000004
    780=O                       SCOMPDSP             6A CHAR        3                                                      10000005
    781=O                       SFITEM              31A CHAR       25                                                      10000006
    782=O                       SIOH                46S ZONE     15,4                                                      10000007
    783=O                       SLOTTOT             61S ZONE     15,4                                                      10000008
    784=OLTFOOT                                                                                                            11000001
         *--------------------------------------------------------------------------------------------*                    11
         * RPG record format  . . . . :  LTFOOT                                                       *                    11
         * External format  . . . . . :  LTFOOT : PERPDEMO/WRKLOTD                                    *                    11
         *--------------------------------------------------------------------------------------------*                    11
    785=OLTNONE                                                                                                            12000001
         *--------------------------------------------------------------------------------------------*                    12
         * RPG record format  . . . . :  LTNONE                                                       *                    12
  5770WDS V7R5M0  220415 RN        IBM ILE RPG             PERPDEMO/WRKLOTR         IDEV       08/26/26 16:51:50        Page     19
 Line   <---------------------- Source Specifications ----------------------------------------------------->  Do  Change Src Seq
 Number ....+....1....+....2....+....3....+....4....+....5....+....6....+....7....+....8....+....9....+...10  Num Date   Id  Number
         * External format  . . . . . :  LTNONE : PERPDEMO/WRKLOTD                                    *                    12
         *--------------------------------------------------------------------------------------------*                    12
    786=OLTNOITEM                                                                                                          13000001
         *--------------------------------------------------------------------------------------------*                    13
         * RPG record format  . . . . :  LTNOITEM                                                     *                    13
         * External format  . . . . . :  LTNOITEM : PERPDEMO/WRKLOTD                                  *                    13
         *--------------------------------------------------------------------------------------------*                    13
    787=OLTEDIT                                                                                                            14000001
         *--------------------------------------------------------------------------------------------*                    14
         * RPG record format  . . . . :  LTEDIT                                                       *                    14
         * External format  . . . . . :  LTEDIT : PERPDEMO/WRKLOTD                                    *                    14
         *--------------------------------------------------------------------------------------------*                    14
    788=O                       EMODE                1A CHAR        1                                                      14000002
    789=O                       ELOT                21A CHAR       20                                                      14000003
    790=O                       EQTY                36S ZONE     15,4                                                      14000004
    791=O                       ERECV               46A CHAR       10                                                      14000005
    792=O                       EEXPD               56A CHAR       10                                                      14000006
    793=O                       EACTIVE             57A CHAR        1                                                      14000007
    794=OLTMSGSFL                                                                                                          15000001
         *--------------------------------------------------------------------------------------------*                    15
         * RPG record format  . . . . :  LTMSGSFL                                                     *                    15
         * External format  . . . . . :  LTMSGSFL : PERPDEMO/WRKLOTD                                  *                    15
         *--------------------------------------------------------------------------------------------*                    15
    795=O                       SMSGKEY              4A CHAR        4                                                      15000002
    796=O                       SPGMQ               14A CHAR       10                                                      15000003
    797=OLTMSGCTL                                                                                                          16000001
         *--------------------------------------------------------------------------------------------*                    16
         * RPG record format  . . . . :  LTMSGCTL                                                     *                    16
         * External format  . . . . . :  LTMSGCTL : PERPDEMO/WRKLOTD                                  *                    16
         *--------------------------------------------------------------------------------------------*                    16
    798=O                       *IN40                2N CHAR        1                                                      16000002
    799=O                       *IN41                1N CHAR        1                                                      16000003
    800 dcl-proc writeMsg;                                                                                                   000715
    801   dcl-pi *n;                                                                                                         000716
    802     text varchar(256) const;                                                                                         000717
    803   end-pi;                                                                                                            000718
    804   dcl-s data char(256);                                                                                              000719
    805   data = text;                                                                                                       000720
    806   QMHSNDPM(                                                                                                          000721
    807     'CPF9897' :                                                                                                      000722
    808     'QCPFMSG   QSYS      ' :                                                                                         000723
    809     data :                                                                                                           000724
    810     %len(text) :                                                                                                     000725
    811     '*INFO     ' :                                                                                                   000726
    812     '*         ' :                                                                                                   000727
    813     1 :                                                                                                              000728
    814     smsgkey :                                                                                                        000729
    815     x'0000000000000000');                                                                                            000730
    816   msgrrn += 1;                                                                                                       000731
    817   spgmq = statusDS.programName;                                                                                      000732
    818   write ltmsgsfl;                                                                                                    000733
    819 end-proc;                                                                                                            000734
  5770WDS V7R5M0  220415 RN        IBM ILE RPG             PERPDEMO/WRKLOTR         IDEV       08/26/26 16:51:50        Page     20
 Line   <---------------------- Source Specifications ----------------------------------------------------->  Do  Change Src Seq
 Number ....+....1....+....2....+....3....+....4....+....5....+....6....+....7....+....8....+....9....+...10  Num Date   Id  Number
        * * * * *   E N D   O F   S O U R C E   * * * * *
  5770WDS V7R5M0  220415 RN        IBM ILE RPG             PERPDEMO/WRKLOTR         IDEV       08/26/26 16:51:50        Page     21
           A d d i t i o n a l   D i a g n o s t i c   M e s s a g e s
  Msg id  Sv Number Seq     Message text
  * * * * *   E N D   O F   A D D I T I O N A L   D I A G N O S T I C   M E S S A G E S   * * * * *
                  O u t p u t   B u f f e r   P o s i t i o n s
 Line   Start End   Field or Constant
 Number Pos   Pos
    769     2     2 *IN50
    770     1     1 *IN51
    771     3     3 SOPT
    772     4    23 SLOT
    773    24    38 SQTY
    774    39    48 SRECV
    775    49    58 SEXPD
    769     2     2 *IN50
    770     1     1 *IN51
    771     3     3 SOPT
    772     4    23 SLOT
    773    24    38 SQTY
    774    39    48 SRECV
    775    49    58 SEXPD
    777     2     2 *IN30
    778     1     1 *IN31
    779     3     3 *IN60
    780     4     6 SCOMPDSP
    781     7    31 SFITEM
    782    32    46 SIOH
    783    47    61 SLOTTOT
    777     2     2 *IN30
    778     1     1 *IN31
    779     3     3 *IN60
    780     4     6 SCOMPDSP
    781     7    31 SFITEM
    782    32    46 SIOH
    783    47    61 SLOTTOT
    788     1     1 EMODE
    789     2    21 ELOT
    790    22    36 EQTY
    791    37    46 ERECV
    792    47    56 EEXPD
    793    57    57 EACTIVE
    788     1     1 EMODE
    789     2    21 ELOT
    790    22    36 EQTY
    791    37    46 ERECV
    792    47    56 EEXPD
    793    57    57 EACTIVE
    795     1     4 SMSGKEY
    796     5    14 SPGMQ
    795     1     4 SMSGKEY
    796     5    14 SPGMQ
    798     2     2 *IN40
    799     1     1 *IN41
  5770WDS V7R5M0  220415 RN        IBM ILE RPG             PERPDEMO/WRKLOTR         IDEV       08/26/26 16:51:50        Page     22
    798     2     2 *IN40
    799     1     1 *IN41
  * * * * *   E N D   O F   O U T P U T   B U F F E R   P O S I T I O N   *  * * * *
  5770WDS V7R5M0  220415 RN        IBM ILE RPG             PERPDEMO/WRKLOTR         IDEV       08/26/26 16:51:50        Page     23
                           C r o s s   R e f e r e n c e
       File and Record References:
          File              Device             References (D=Defined)
            Record
          WRKLOTD           WORKSTN                28D    421     578
            LTSFL                                  28D    249     420     428
                                                  571     577     768
            LTCTL                                  28D    259     333     375
                                                  560     776
            LTFOOT                                 28D    265     326     368
                                                  784
            LTNONE                                 28D    270     361     785
            LTNOITEM                               28D    275     325     355
                                                  786
            LTEDIT                                 28D    280     708     787
            LTMSGSFL                               28D    290     794     818
            LTMSGCTL                               28D    297     329     371
                                                  704     763     797
       Global Field References:
          Field             Attributes         References (D=Defined M=Modified)
          *INLR             N(1)                  434M
          *IN03             N(1)                  250D    260M    266M    271M
                                                  276M    281M    291M    298M
                                                  322     377
          *IN05             N(1)                  251D    261M    267M    272M
                                                  277M    282M    292M    299M
                                                  381
          *IN06             N(1)                  252D    262M    268M    273M
                                                  278M    283M    293M    300M
                                                  386
          *IN12             N(1)                  253D    263M    269M    274M
                                                  279M    284M    294M    301M
                                                  322     377     601     639
                                                  710
          *IN30             N(1)                  324M    350M    360M    364M
                                                  777
          *IN31             N(1)                  559M    561M    778
          *IN40             N(1)                  328M    331M    370M    373M
                                                  703M    706M    798
          *IN41             N(1)                  762M    764M    799
          *IN50             N(1)                  563M    769
          *IN51             N(1)                  564M    770
          *IN60             N(1)                  351M    473M    475M    779
          ADDROW            BEGSR                 392     592D
          CALLITMPRMT       PROTOTYPE              48D    401M
          CHANGEROW         BEGSR                 581     630D
          CLEARMSGS         BEGSR                 318     346     593     631
                                                  671     700     714     760D
          COMPCD            A(3)                   73D    303M    306M    308
                                                  317     323     401     443
                                                  460     502     607     652
                                                  675
          DELETEROW         BEGSR                 583     670D
          EACTIVE           A(1)                  289M    599M    637M    793
  5770WDS V7R5M0  220415 RN        IBM ILE RPG             PERPDEMO/WRKLOTR         IDEV       08/26/26 16:51:50        Page     24
          EDITLOOP          BEGSR                 600     638     699D
          EEXPD             A(10)                 288M    598M    612     613
                                                  636M    650     651     738
                                                  740     751     752M    792
          ELOT              A(20)                 285M    595M    601     609
                                                  623     633M    654     663
                                                  716     789
          EMODE             A(1)                  594M    632M    788
          EQTY              P(15,4)               286M    596M    610     634M
                                                  648     790
          ERECV             A(10)                 287M    597M    611     635M
                                                  649     721     728     750M
                                                  791
          FILLSUBFILE       BEGSR                 363     557D
          FILTER            A(25)                  72D    309M    311M    349
                            VARYING(2)            382M    391M    403M    408
                                                  409M    444     461     503
                                                  608     653     676
          HANDLEOPT         BEGSR                 425     576D
          HOLDMSG           N(1)                   77D    343     344M    389M
                                                  586M    625M    665M    688M
          I                 I(10,0)                66D    562     566     567
                                                  568     569
          ITEMOH            P(15,4)                74D    451M    454M    470
                                                  472
          LDADS             DS(1024)               30D    302     303
            COMPCD          A(3)                   31D    303
          LOADBALANCES      BEGSR                 357     438D
          LOADROWS          BEGSR                 358     480D
          LOTTOTAL          P(15,4)                75D    468M    471     472
          LTROW             DS(54)                 57D     64     530M    531M
                                                  532M    533M    539
            EXPD            A(10)                  61D    533
                            VARYING(2)
            LOT             A(20)                  58D    530
                            VARYING(2)
            QTY             P(15,4)                59D    531
            RECV            A(10)                  60D    532
                            VARYING(2)
 *RNF7031 MSGKEY            A(4)                   69D
          MSGRRN            I(10,0)                28      68D    327     369
                                                  702     761M    816M
          NUMROWS           I(10,0)                65D    352M    359     417
                                                  481M    522     538M    539
                                                  562
          PARSEDEXPD        D(10*ISO-)             86D    740M    752
          PARSEDRECV        D(10*ISO-)             85D    728M    750
          PCOMPCD           A(3)                   24D    305     306
                            BASED(_QRNL_PRM+)
          PITEM             A(25)                  25D    310     311     312
                            BASED(_QRNL_PRM+)
                            VARYING(2)
          PROMPTITEM        A(25)                  76D    400M    401     402
                            VARYING(2)            403
          QMHSNDPM          PROTOTYPE              34D    806M
          ROWS(500)         DS(54)                 64D    522     539M    566
                                                  567     568     569
            EXPD            A(10)                 569
  5770WDS V7R5M0  220415 RN        IBM ILE RPG             PERPDEMO/WRKLOTR         IDEV       08/26/26 16:51:50        Page     25
                            VARYING(2)
            LOT             A(20)                 566
                            VARYING(2)
            QTY             P(15,4)               567
            RECV            A(10)                 568
                            VARYING(2)
          RRN               I(10,0)                28      67D    423     558M
                                                  570M
          SCOMPDSP          A(3)                  308M    780
          SELOPT            A(1)                   71D    419M    424M    580
                                                  582     585
          SELRRN            I(10,0)                70D    418M    423M    426M
                                                  577
          SEXPD             A(10)                 258M    569M    636     775
          SFITEM            A(25)                 264M    312M    314M    382
                                                  387     391     399     400
                                                  402M    408     409     781
          SIOH              P(15,4)               353M    470M    782
          SLOT              A(20)                 255M    566M    633     677
                                                  686     772
          SLOTTOT           P(15,4)               354M    471M    783
          SMSGKEY           A(4)                  295M    795     814
          SOPT              A(1)                  254M    422     424     565M
                                                  771
          SPGMQ             A(10)                 296M    796     817M
 *RNF7031 SQFAPP            CONST                 154D
 *RNF7031 SQFCRT            CONST                 152D
 *RNF7031 SQFOVR            CONST                 153D
 *RNF7031 SQFRD             CONST                 151D
          SQL_00000         B(4,0)                157D    448
 *RNF7031 SQL_00001         B(4,0)                158D
 *RNF7031 SQL_00002         U(10,0)               159D
          SQL_00003         A(1)                  160D    450
 *RNF7031 SQL_00004         A(119)                161D
          SQL_00005         A(3)                  162D    443M
          SQL_00006         A(25)                 163D    444M
                            VARYING(2)
          SQL_00007         P(15,4)               164D    451
          SQL_00008         B(4,0)                168D    465
 *RNF7031 SQL_00009         B(4,0)                169D
 *RNF7031 SQL_00010         U(10,0)               170D
          SQL_00011         A(1)                  171D    467
 *RNF7031 SQL_00012         A(119)                172D
          SQL_00013         A(3)                  173D    460M
          SQL_00014         A(25)                 174D    461M
                            VARYING(2)
          SQL_00015         P(15,4)               175D    468
          SQL_00016         B(4,0)                179D    509     514
 *RNF7031 SQL_00017         B(4,0)                180D
          SQL_00018         U(10,0)               181D    505
          SQL_00019         A(1)                  182D    506
 *RNF7031 SQL_00020         A(119)                183D
          SQL_00021         A(3)                  184D    502M
          SQL_00022         A(25)                 185D    503M
                            VARYING(2)
          SQL_00023         B(4,0)                189D    527
 *RNF7031 SQL_00024         B(4,0)                190D
 *RNF7031 SQL_00025         U(10,0)               191D
  5770WDS V7R5M0  220415 RN        IBM ILE RPG             PERPDEMO/WRKLOTR         IDEV       08/26/26 16:51:50        Page     26
          SQL_00026         A(1)                  192D    529
 *RNF7031 SQL_00027         A(119)                193D
          SQL_00028         A(20)                 194D    530
                            VARYING(2)
          SQL_00029         P(15,4)               195D    531
          SQL_00030         A(10)                 196D    532
                            VARYING(2)
          SQL_00031         A(10)                 197D    533
                            VARYING(2)
          SQL_00032         B(4,0)                201D    546     551
 *RNF7031 SQL_00033         B(4,0)                202D
          SQL_00034         U(10,0)               203D    543
 *RNF7031 SQL_00035         A(1)                  204D
 *RNF7031 SQL_00036         A(118)                205D
 *RNF7031 SQL_00037         A(1)                  206D
          SQL_00038         B(4,0)                210D    617
 *RNF7031 SQL_00039         B(4,0)                211D
 *RNF7031 SQL_00040         U(10,0)               212D
 *RNF7031 SQL_00041         A(1)                  213D
 *RNF7031 SQL_00042         A(118)                214D
          SQL_00043         A(3)                  215D    607M
          SQL_00044         A(25)                 216D    608M
                            VARYING(2)
          SQL_00045         A(20)                 217D    609M
          SQL_00046         P(15,4)               218D    610M
          SQL_00047         A(10)                 219D    611M
          SQL_00048         A(10)                 220D    612M
          SQL_00049         A(10)                 221D    613M
          SQL_00050         B(4,0)                225D    658
 *RNF7031 SQL_00051         B(4,0)                226D
 *RNF7031 SQL_00052         U(10,0)               227D
 *RNF7031 SQL_00053         A(1)                  228D
 *RNF7031 SQL_00054         A(118)                229D
          SQL_00055         P(15,4)               230D    648M
          SQL_00056         A(10)                 231D    649M
          SQL_00057         A(10)                 232D    650M
          SQL_00058         A(10)                 233D    651M
          SQL_00059         A(3)                  234D    652M
          SQL_00060         A(25)                 235D    653M
                            VARYING(2)
          SQL_00061         A(20)                 236D    654M
          SQL_00062         B(4,0)                240D    681
 *RNF7031 SQL_00063         B(4,0)                241D
 *RNF7031 SQL_00064         U(10,0)               242D
 *RNF7031 SQL_00065         A(1)                  243D
 *RNF7031 SQL_00066         A(118)                244D
          SQL_00067         A(3)                  245D    675M
          SQL_00068         A(25)                 246D    676M
                            VARYING(2)
          SQL_00069         A(20)                 247D    677M
 *RNF7031 SQLABC            B(9,0)                 96D
 *RNF7031 SQLAID            A(8)                   94D
          SQLCA             DS(136)                92D    130     135     139
                                                  143     447     464     508
                                                  513     526     545     550
                                                  616     657     680
          SQLCABC           I(10,0)                95D     96
          SQLCAID           A(8)                   93D     94
  5770WDS V7R5M0  220415 RN        IBM ILE RPG             PERPDEMO/WRKLOTR         IDEV       08/26/26 16:51:50        Page     27
          SQLCLSE           CONST                 138     149D
          SQLCLSE_CALL      PROTOTYPE             138D    549M
          SQLCMIT           CONST                 142     150D
 *RNF7031 SQLCMIT_CALL      PROTOTYPE             142D
 *RNF7031 SQLCOD            B(9,0)                 98D
          SQLCODE           I(10,0)                97D     98     453     517
                                                  518     535     535     619
                                                  620     660     661     683
 *RNF7031 SQLERL            B(4,0)                100D
 *RNF7031 SQLERM            A(70)                 102D
 *RNF7031 SQLERP            A(8)                  104D
          SQLERR            A(24)                 105D    106     107     108
                                                  109     110     111     112
 *RNF7031 SQLERRD(6)        I(10,0)               112D
          SQLERRMC          A(70)                 101D    102
          SQLERRML          I(5,0)                 99D    100
          SQLERRP           A(8)                  103D    104
 *RNF7031 SQLER1            B(9,0)                106D
 *RNF7031 SQLER2            B(9,0)                107D
 *RNF7031 SQLER3            B(9,0)                108D
 *RNF7031 SQLER4            B(9,0)                109D
 *RNF7031 SQLER5            B(9,0)                110D
          SQLER6            B(9,0)                111D    445M    462M    504M
                                                  524M    542M    614M    655M
                                                  678M
          SQLOPEN           CONST                 134     148D
          SQLOPEN_CALL      PROTOTYPE             134D    512M
          SQLROUTE          CONST                 129     147D
          SQLROUTE_CALL     PROTOTYPE             129D    446M    463M    507M
                                                  525M    544M    615M    656M
                                                  679M
          SQLSTATE          A(5)                  126D    127     621     684
 *RNF7031 SQLSTT            A(5)                  127D
 *RNF7031 SQLWARN(11)       A(1)                  125D
 *RNF7031 SQLWNA            A(1)                  124D
 *RNF7031 SQLWN0            A(1)                  114D
 *RNF7031 SQLWN1            A(1)                  115D
 *RNF7031 SQLWN2            A(1)                  116D
 *RNF7031 SQLWN3            A(1)                  117D
 *RNF7031 SQLWN4            A(1)                  118D
 *RNF7031 SQLWN5            A(1)                  119D
 *RNF7031 SQLWN6            A(1)                  120D
 *RNF7031 SQLWN7            A(1)                  121D
 *RNF7031 SQLWN8            A(1)                  122D
 *RNF7031 SQLWN9            A(1)                  123D
          SQLWRN            A(11)                 113D    114     115     116
                                                  117     118     119     120
                                                  121     122     123     124
                                                  125
          SQTY              P(15,4)               256M    567M    634     773
          SRECV             A(10)                 257M    568M    635     774
          STATUSDS          DS(343)                53D    817
            PROGRAMNAME     A(10)                  54D    817
          VALIDEXPD         N(1)                   88D    737M    742M    745
          VALIDRECV         N(1)                   87D    726M    730M    732
          WRITEMSG          PROTOTYPE             319M    388M    518M    585M
                                                  620M    623M    661M    663M
                                                  684M    686M    717M    722M
  5770WDS V7R5M0  220415 RN        IBM ILE RPG             PERPDEMO/WRKLOTR         IDEV       08/26/26 16:51:50        Page     28
                                                  733M    746M    800
       Field References for subprocedure WRITEMSG
          Field             Attributes         References (D=Defined M=Modified)
          DATA              A(256)                804D    805M    809
          TEXT              A(256)                802D    805     810
                            BASED(_QRNL_PST+)
                            VARYING(2)
       Indicator References:
          Indicator                            References (D=Defined M=Modified)
          03                                      250M    260M    266M    271M
                                                  276M    281M    291M    298M
                                                  322     377
          05                                      251M    261M    267M    272M
                                                  277M    282M    292M    299M
                                                  381
          06                                      252M    262M    268M    273M
                                                  278M    283M    293M    300M
                                                  386
          12                                      253M    263M    269M    274M
                                                  279M    284M    294M    301M
                                                  322     377     601     639
                                                  710
          30                                      324M    350M    360M    364M
                                                  777
          31                                      559M    561M    778
          40                                      328M    331M    370M    373M
                                                  703M    706M    798
          41                                      762M    764M    799
          50                                      563M    769
          51                                      564M    770
          60                                      351M    473M    475M    779
          LR                                      434M
        * * * * *   E N D   O F   C R O S S   R E F E R E N C E   * * * * *
  5770WDS V7R5M0  220415 RN        IBM ILE RPG             PERPDEMO/WRKLOTR         IDEV       08/26/26 16:51:50        Page     29
                       E x t e r n a l   R e f e r e n c e s
       Statically bound procedures:
          Procedure                            References
       Imported fields:
          Field             Attributes         Defined
          No references in the source.
       Exported fields:
          Field             Attributes         Defined
          No references in the source.
    * * * * *   E N D   O F   E X T E R N A L   R E F E R E N C E S   * * * * *
  5770WDS V7R5M0  220415 RN        IBM ILE RPG             PERPDEMO/WRKLOTR         IDEV       08/26/26 16:51:50        Page     30
                           M e s s a g e   S u m m a r y
  Msg id  Sv Number Message text
 *RNF7031 00     58 The name or indicator is not referenced.
        * * * * *   E N D   O F   M E S S A G E   S U M M A R Y   * * * * *
  5770WDS V7R5M0  220415 RN        IBM ILE RPG             PERPDEMO/WRKLOTR         IDEV       08/26/26 16:51:50        Page     31
                             F i n a l   S u m m a r y
   Message Totals:
     Information  (00) . . . . . . . :       58
     Warning      (10) . . . . . . . :        0
     Error        (20) . . . . . . . :        0
     Severe Error (30+)  . . . . . . :        0
     ---------------------------------  -------
     Total . . . . . . . . . . . . . :       58
   Source Totals:
     Records . . . . . . . . . . . . :      819
     Specifications  . . . . . . . . :      651
     Data records  . . . . . . . . . :        0
     Comments  . . . . . . . . . . . :      147
          * * * * *   E N D   O F   F I N A L   S U M M A R Y   * * * * *
 Program WRKLOTR placed in library PERPDEMO. 00 highest severity. Created on 08/26/26 at 16:51:51.
           * * * * *   E N D   O F   C O M P I L A T I O N   * * * * *
